point,temps_s,stable,montee_charge,critique,batterie_faible,nominal
0,0,8,11,19,17,21
1,2,7,10,17,14,19
2,4,7,9,15,11,16
3,6,6,8,13,10,14
4,8,6,7,11,8,13
5,10,5,6,10,7,10
6,12,8,14,10,8,9
7,14,7,12,8,6,8
8,16,6,10,8,7,7
9,18,7,11,9,9,9
10,20,6,9,9,8,9
11,22,5,8,9,8,7
12,24,5,7,8,6,6
13,26,5,6,7,5,5
14,28,5,10,6,5,4
15,30,4,9,6,5,4
16,32,4,8,5,4,4
17,34,4,7,5,4,5
18,36,5,8,8,6,8
19,38,5,11,8,7,7
20,40,5,9,7,12,6
21,42,5,8,7,11,6
22,44,4,7,7,9,6
23,46,4,6,8,8,7
24,48,4,5,7,8,6
25,50,4,5,7,7,5
26,52,3,5,7,7,6
27,54,4,6,10,10,8
28,56,4,14,9,20,20
29,58,4,12,8,18,18
30,60,4,10,9,16,15
31,62,4,9,8,14,14
32,64,4,8,7,13,12
33,66,4,8,6,12,9
34,68,4,7,6,10,9
35,70,3,6,5,9,12
36,72,4,7,7,10,13
37,74,4,6,7,9,11
38,76,4,6,6,9,10
39,78,4,5,6,8,10
40,80,3,5,6,7,8
41,82,3,5,6,6,9
42,84,4,4,6,6,8
43,86,3,4,6,5,7
44,88,3,4,6,6,6
45,90,4,5,8,8,8
46,92,4,4,7,8,7
47,94,4,4,6,6,8
48,96,3,4,6,6,7
49,98,3,4,5,6,7
50,100,3,3,5,5,7
51,102,3,3,5,4,6
52,104,5,3,7,4,5
53,106,4,3,7,4,5
54,108,5,4,9,7,7
55,110,5,12,8,7,9
56,112,4,10,8,7,7
57,114,4,9,7,6,6
58,116,4,8,7,7,8
59,118,4,7,7,6,7
60,120,6,6,6,6,5
61,122,5,6,6,5,4
62,124,5,6,6,5,5
63,126,5,8,8,8,7
64,128,5,7,8,7,7
65,130,4,6,7,7,6
66,132,4,6,7,6,5
67,134,4,5,6,6,4
68,136,4,5,7,7,4
69,138,3,5,6,6,4
70,140,3,5,6,6,3
71,142,3,5,5,6,8
72,144,3,6,7,9,10
73,146,4,6,7,7,10
74,148,4,6,7,8,10
75,150,5,5,6,8,10
76,152,4,5,6,8,8
77,154,4,4,5,7,8
78,156,5,5,4,7,8
79,158,4,4,4,6,8
80,160,4,4,4,6,6
81,162,5,6,7,8,9
82,164,5,6,6,7,8
83,166,4,5,6,5,7
84,168,4,5,5,4,6
85,170,3,4,6,5,6
86,172,3,5,6,4,6
87,174,4,4,11,4,6
88,176,4,5,13,5,6
89,178,4,4,11,5,5
90,180,5,6,13,8,21
91,182,9,5,11,8,18
92,184,7,5,12,7,16
93,186,7,9,11,7,14
94,188,6,8,11,9,12
95,190,6,7,10,8,11
96,192,5,6,10,7,9
97,194,5,6,8,13,8
98,196,5,7,8,12,8
99,198,6,8,9,13,9
100,200,10,8,8,11,9
101,202,9,7,8,9,18
102,204,8,6,8,20,16
103,206,7,5,7,17,14
104,208,6,4,7,14,13
105,210,5,12,7,15,11
106,212,5,10,17,13,9
107,214,5,9,15,10,8
108,216,10,10,15,12,10
109,218,9,10,24,11,9
110,220,7,8,20,10,18
111,222,9,8,17,9,15
112,224,8,7,16,8,14
113,226,6,6,14,10,18
114,228,5,6,13,8,17
115,230,5,5,12,7,14
116,232,5,5,10,7,12
117,234,5,6,11,9,14
118,236,5,6,8,10,12
119,238,5,5,8,8,11
120,240,5,5,8,7,10
121,242,4,5,7,6,9
122,244,4,6,7,5,8
123,246,4,6,6,5,8
124,248,3,5,5,5,7
125,250,3,4,11,14,7
126,252,4,6,13,15,10
127,254,4,5,11,12,9
128,256,4,6,10,11,7
129,258,4,5,10,10,7
130,260,4,4,9,11,7
131,262,4,4,7,15,6
132,264,3,4,6,14,6
133,266,3,3,6,12,5
134,268,3,3,6,10,12
135,270,4,5,7,12,13
136,272,3,4,7,10,11
137,274,3,4,7,13,10
138,276,3,5,8,11,9
139,278,3,5,9,9,9
140,280,2,4,8,9,8
141,282,3,4,8,9,8
142,284,3,12,8,8,7
143,286,3,11,7,8,6
144,288,4,12,9,10,21
145,290,3,11,10,10,17
146,292,3,10,10,9,16
147,294,3,9,12,8,14
148,296,3,8,10,8,12
149,298,3,7,8,8,10
150,300,3,6,9,7,9
151,302,2,6,8,7,8
152,304,2,6,7,6,21
153,306,4,7,10,9,25
154,308,3,6,8,8,22
155,310,3,6,10,8,18
156,312,3,5,8,8,15
157,314,3,6,7,7,13
158,316,3,5,7,7,13
159,318,3,11,6,6,12
160,320,5,10,6,6,10
161,322,4,8,7,6,21
162,324,5,9,10,8,21
163,326,5,9,20,10,18
164,328,4,8,17,9,16
165,330,4,7,29,8,24
166,332,4,6,28,7,20
167,334,3,6,24,7,19
168,336,3,6,20,7,17
169,338,3,5,17,6,14
170,340,3,5,14,6,12
171,342,4,6,16,9,13
172,344,4,6,15,8,10
173,346,4,6,12,8,9
174,348,3,6,10,8,8
175,350,3,5,9,7,8
176,352,4,5,17,6,8
177,354,5,5,14,5,8
178,356,4,5,12,4,7
179,358,4,5,11,5,6
180,360,5,6,12,8,9
181,362,4,6,20,8,7
182,364,4,5,18,8,6
183,366,4,5,15,8,6
184,368,4,5,13,11,6
185,370,4,8,12,11,6
186,372,8,8,10,10,5
187,374,7,7,9,9,4
188,376,6,6,9,8,4
189,378,6,7,11,10,6
190,380,7,8,10,10,5
191,382,7,7,9,8,6
192,384,6,7,9,17,6
193,386,5,7,8,15,6
194,388,5,6,9,12,5
195,390,4,6,8,11,17
196,392,4,5,7,9,15
197,394,4,5,5,10,12
198,396,5,15,8,11,13
199,398,4,13,7,11,11
200,400,4,11,7,10,10
201,402,4,11,7,8,11
202,404,4,9,6,9,15
203,406,4,8,5,8,12
204,408,4,8,4,8,10
205,410,3,7,4,7,16
206,412,3,7,5,8,14
207,414,4,8,15,10,15
208,416,4,7,13,9,17
209,418,3,7,11,12,14
210,420,8,7,9,11,12
211,422,7,6,9,10,9
212,424,6,6,8,8,8
213,426,5,5,6,8,6
214,428,4,5,8,7,6
215,430,9,5,7,6,6
216,432,8,7,10,9,9
217,434,7,6,8,12,7
218,436,6,6,7,9,19
219,438,5,5,6,9,16
220,440,5,5,6,8,15
221,442,4,5,6,7,15
222,444,4,4,5,7,12
223,446,4,5,5,7,10
224,448,4,5,5,6,9
225,450,5,7,9,8,11
226,452,5,6,8,7,10
227,454,9,6,7,7,9
228,456,8,6,6,7,9
229,458,7,6,7,6,9
230,460,6,7,8,6,9
231,462,6,6,8,4,9
232,464,5,6,6,4,8
233,466,5,5,6,4,8
234,468,5,7,17,7,10
235,470,5,7,14,15,10
236,472,4,7,12,18,8
237,474,4,6,24,15,9
238,476,4,6,20,26,7
239,478,3,6,17,22,6
240,480,3,8,16,18,6
241,482,3,8,14,15,5
242,484,4,7,12,11,5
243,486,4,8,14,18,7
244,488,4,7,26,15,7
245,490,4,7,22,13,7
246,492,5,7,19,11,6
247,494,5,6,16,10,5
248,496,5,6,13,9,5
249,498,5,14,12,8,5
250,500,4,12,10,7,5
251,502,6,10,9,6,5
252,504,6,11,22,10,8
253,506,5,10,19,9,6
254,508,5,9,16,8,6
255,510,4,9,14,7,6
256,512,4,8,12,11,6
257,514,4,8,11,11,5
258,516,3,7,9,10,6
259,518,3,13,9,9,5
260,520,3,12,8,8,5
261,522,4,17,10,22,8
262,524,6,14,9,19,8
263,526,6,13,8,17,14
264,528,5,11,14,15,12
265,530,5,9,11,13,11
266,532,5,8,9,11,10
267,534,4,8,15,11,10
268,536,3,7,13,12,9
269,538,4,6,11,11,8
270,540,5,8,12,12,11
271,542,7,8,24,11,23
272,544,7,7,20,19,19
273,546,6,7,17,16,15
274,548,6,7,15,14,13
275,550,5,7,12,12,12
276,552,5,12,10,11,10
277,554,5,11,8,10,9
278,556,4,15,8,14,8
279,558,5,15,10,15,9
280,560,4,14,10,19,8
281,562,6,12,9,16,7
282,564,5,11,9,27,8
283,566,5,10,8,24,6
284,568,4,9,8,20,6
285,570,4,9,8,17,6
286,572,4,9,6,15,6
287,574,4,8,7,13,6
288,576,5,9,9,14,9
289,578,5,12,8,20,21
290,580,4,12,7,19,19
291,582,4,11,11,29,16
292,584,4,9,11,24,14
293,586,4,8,10,21,12
294,588,3,8,9,18,12
295,590,3,7,9,16,10
296,592,3,7,8,27,9
297,594,4,8,10,25,12
298,596,4,8,9,22,10
299,598,4,8,8,32,22
300,600,4,7,11,27,21
301,602,4,7,10,24,19
302,604,3,7,10,20,16
303,606,3,6,8,16,14
304,608,3,6,8,15,11
305,610,3,6,8,15,11
306,612,4,8,10,15,12
307,614,3,8,10,13,10
308,616,3,7,9,11,9
309,618,4,7,9,10,8
310,620,3,8,8,10,10
311,622,3,8,8,9,9
312,624,3,8,8,8,8
313,626,3,7,6,7,10
314,628,3,7,6,7,9
315,630,4,9,18,18,12
316,632,4,9,14,15,10
317,634,4,7,14,13,10
318,636,4,8,12,11,9
319,638,8,7,10,11,8
320,640,7,13,9,9,8
321,642,6,11,14,9,7
322,644,6,10,13,8,7
323,646,5,9,12,22,5
324,648,5,10,13,22,8
325,650,4,9,11,19,7
326,652,4,9,9,15,8
327,654,3,8,8,13,8
328,656,6,8,6,12,7
329,658,5,7,6,11,7
330,660,5,7,6,9,11
331,662,4,7,5,8,9
332,664,5,7,4,9,7
333,666,6,9,6,11,9
334,668,5,9,6,10,8
335,670,4,9,6,9,8
336,672,4,11,6,8,7
337,674,3,10,5,8,7
338,676,3,9,5,7,7
339,678,3,9,4,8,20
340,680,3,9,4,8,16
341,682,3,8,5,8,13
342,684,8,10,8,10,14
343,686,7,9,7,8,12
344,688,6,12,7,7,11
345,690,6,11,7,7,10
346,692,6,9,6,6,9
347,694,5,9,6,5,8
348,696,5,8,6,6,7
349,698,4,8,6,6,7
350,700,4,14,7,7,6
351,702,5,14,8,9,8
352,704,5,13,8,9,7
353,706,5,12,8,8,10
354,708,4,10,7,7,9
355,710,4,10,6,7,8
356,712,3,9,5,6,8
357,714,3,8,5,6,8
358,716,3,8,5,6,7
359,718,3,8,4,5,12
360,720,4,9,7,8,14
361,722,4,9,7,8,11
362,724,3,8,5,9,9
363,726,3,8,5,7,8
364,728,3,7,5,7,7
365,730,3,7,5,6,7
366,732,3,7,7,6,17
367,734,3,7,7,7,14
368,736,3,6,6,7,12
369,738,4,8,8,10,17
370,740,3,8,8,22,15
371,742,8,7,8,20,19
372,744,7,7,6,17,17
373,746,7,7,5,15,15
374,748,6,6,5,13,13
375,750,5,10,4,11,11
376,752,5,9,4,23,10
377,754,5,9,5,20,9
378,756,5,10,8,20,11
379,758,5,10,7,17,10
380,760,4,13,6,14,10
381,762,4,15,6,12,9
382,764,4,13,6,10,8
383,766,4,12,6,9,7
384,768,3,16,6,8,7
385,770,3,14,6,8,20
386,772,3,12,6,8,16
387,774,4,13,9,10,18
388,776,4,12,8,9,28
389,778,3,11,16,9,24
390,780,4,9,15,8,21
391,782,3,9,14,8,18
392,784,3,8,13,8,15
393,786,3,8,10,18,16
394,788,3,7,10,21,14
395,790,4,7,9,20,12
396,792,5,9,10,20,16
397,794,4,9,9,19,14
398,796,4,9,20,17,12
399,798,4,9,18,15,11
400,800,4,9,15,13,10
401,802,3,9,16,11,9
402,804,8,8,14,9,8
403,806,7,8,12,9,7
404,808,6,8,10,8,6
405,810,7,9,18,9,9
406,812,6,9,16,8,8
407,814,5,8,13,8,8
408,816,5,8,11,8,8
409,818,4,15,10,7,7
410,820,4,19,9,7,15
411,822,4,17,7,6,13
412,824,6,17,7,6,12
413,826,5,16,6,6,10
414,828,6,23,13,9,12
415,830,6,22,12,8,10
416,832,5,19,11,15,9
417,834,4,17,10,13,8
418,836,4,15,9,12,7
419,838,4,14,8,10,7
420,840,8,13,7,9,7
421,842,7,12,6,8,6
422,844,6,11,7,7,6
423,846,9,12,10,8,8
424,848,8,10,8,7,8
425,850,7,10,8,7,7
426,852,6,9,7,7,7
427,854,5,9,7,6,7
428,856,5,8,6,19,6
429,858,5,13,6,16,5
430,860,4,12,6,13,5
431,862,4,11,5,12,5
432,864,5,12,8,13,8
433,866,4,11,7,11,7
434,868,5,13,7,10,7
435,870,4,19,7,9,6
436,872,5,17,7,8,6
437,874,4,15,7,6,6
438,876,4,13,6,6,18
439,878,4,12,13,5,16
440,880,4,12,12,5,14
441,882,5,12,13,8,15
442,884,4,11,11,7,13
443,886,4,11,9,6,14
444,888,3,10,9,7,13
445,890,3,10,8,5,12
446,892,4,13,8,3,11
447,894,4,12,8,5,10
448,896,4,11,7,5,13
449,898,3,10,7,16,10
450,900,4,11,10,17,13
451,902,4,10,9,28,11
452,904,4,10,8,24,10
453,906,3,9,20,30,8
454,908,3,12,17,25,8
455,910,3,15,15,20,8
456,912,3,14,26,18,7
457,914,3,12,22,15,8
458,916,3,11,20,13,7
459,918,4,12,20,14,14
460,920,6,11,18,13,18
461,922,5,10,14,11,16
462,924,5,14,11,10,14
463,926,4,13,10,10,13
464,928,4,12,9,9,12
465,930,3,11,8,21,10
466,932,3,13,7,18,9
467,934,4,12,7,16,8
468,936,4,16,10,17,10
469,938,4,15,9,29,9
470,940,4,13,8,24,8
471,942,4,12,11,21,7
472,944,4,12,13,17,6
473,946,3,11,12,16,4
474,948,3,15,10,14,4
475,950,3,14,8,12,4
476,952,3,14,8,10,3
477,954,4,14,12,12,7
478,956,3,13,10,11,6
479,958,3,12,9,10,7
480,960,3,11,8,7,6
481,962,3,10,21,7,6
482,964,3,10,17,11,6
483,966,3,10,15,10,6
484,968,6,9,12,17,7
485,970,6,9,11,15,20
486,972,6,10,13,16,20
487,974,5,9,11,14,17
488,976,5,9,11,13,15
489,978,4,9,9,13,23
490,980,4,8,7,11,19
491,982,4,8,7,10,16
492,984,3,8,7,13,14
493,986,3,8,6,12,12
494,988,3,8,8,11,11
495,990,4,9,10,13,12
496,992,3,8,9,11,11
497,994,4,8,9,10,9
498,996,3,8,7,13,8
499,998,6,8,7,12,16
500,1000,5,8,6,11,14
501,1002,5,7,5,9,12
502,1004,5,8,6,7,11
503,1006,5,7,6,6,10
504,1008,5,9,9,17,13
505,1010,5,9,6,14,11
506,1012,4,9,6,12,10
507,1014,4,8,7,11,9
508,1016,4,7,6,11,9
509,1018,4,7,6,10,8
510,1020,3,8,5,8,8
511,1022,3,8,5,8,7
512,1024,4,8,9,8,6
513,1026,5,9,10,23,9
514,1028,5,9,9,20,12
515,1030,9,11,9,17,11
516,1032,8,10,9,13,11
517,1034,7,9,8,12,9
518,1036,6,9,17,11,9
519,1038,5,9,16,10,9
520,1040,4,12,14,9,9
521,1042,4,19,13,7,21
522,1044,5,19,15,9,20
523,1046,4,16,13,9,17
524,1048,4,15,11,16,15
525,1050,3,14,10,14,23
526,1052,3,12,9,12,19
527,1054,3,11,11,12,16
528,1056,3,10,10,11,15
529,1058,3,9,9,10,13
530,1060,3,10,8,9,10
531,1062,4,11,9,12,12
532,1064,4,10,8,11,11
533,1066,4,10,6,10,11
534,1068,3,10,5,9,21
535,1070,3,17,5,8,18
536,1072,3,15,6,13,16
537,1074,4,14,6,11,14
538,1076,4,13,5,11,12
539,1078,3,20,5,9,11
540,1080,4,19,8,11,12
541,1082,4,17,7,10,10
542,1084,4,15,7,10,8
543,1086,4,14,7,9,8
544,1088,4,12,7,8,7
545,1090,4,12,6,7,7
546,1092,5,11,19,6,6
547,1094,4,10,15,9,5
548,1096,4,9,13,7,6
549,1098,5,10,27,9,8
550,1100,4,18,22,8,9
551,1102,3,16,19,6,6
552,1104,3,14,16,9,7
553,1106,3,13,14,9,7
554,1108,3,12,13,11,6
555,1110,3,12,11,10,4
556,1112,3,11,11,9,5
557,1114,3,10,11,8,5
558,1116,4,11,13,10,7
559,1118,4,11,10,9,6
560,1120,4,10,9,10,6
561,1122,3,10,7,16,6
562,1124,3,9,7,14,5
563,1126,3,9,7,13,5
564,1128,3,11,6,11,4
565,1130,3,15,5,10,5
566,1132,3,14,5,10,5
567,1134,4,14,7,12,8
568,1136,4,13,7,9,7
569,1138,4,13,6,9,7
570,1140,3,12,6,9,6
571,1142,7,11,5,8,6
572,1144,6,10,5,6,6
573,1146,5,11,4,10,6
574,1148,5,11,5,9,19
575,1150,4,10,5,7,17
576,1152,5,11,8,9,17
577,1154,9,10,8,8,15
578,1156,8,17,9,8,13
579,1158,7,15,9,8,10
580,1160,7,13,9,7,9
581,1162,6,12,8,7,8
582,1164,5,11,8,7,8
583,1166,5,11,8,7,9
584,1168,9,10,7,7,7
585,1170,9,12,10,11,9
586,1172,8,12,8,9,11
587,1174,7,11,7,9,10
588,1176,6,11,6,8,10
589,1178,6,9,7,7,9
590,1180,5,9,6,7,8
591,1182,5,9,6,7,11
592,1184,4,9,5,6,11
593,1186,4,12,12,6,22
594,1188,7,13,22,8,23
595,1190,6,12,19,8,19
596,1192,5,12,17,8,17
597,1194,5,12,15,8,18
598,1196,4,19,13,8,26
599,1198,4,17,10,7,23
600,1200,4,15,10,7,19
601,1202,4,14,8,7,16
602,1204,4,13,8,7,14
603,1206,5,13,18,9,15
604,1208,5,17,14,8,14
605,1210,4,15,13,8,13
606,1212,4,14,11,7,12
607,1214,4,13,10,20,11
608,1216,3,12,9,16,10
609,1218,3,12,21,13,10
610,1220,3,11,18,11,22
611,1222,3,10,16,10,19
612,1224,4,12,17,18,20
613,1226,4,12,15,16,17
614,1228,3,11,12,14,15
615,1230,4,11,11,18,13
616,1232,3,11,9,16,11
617,1234,3,10,8,13,9
618,1236,3,10,7,11,8
619,1238,3,9,6,8,8
620,1240,3,10,4,8,6
621,1242,4,11,7,9,21
622,1244,4,11,7,9,18
623,1246,4,11,6,9,15
624,1248,4,11,6,7,13
625,1250,5,10,5,7,12
626,1252,7,10,5,6,11
627,1254,6,10,6,6,10
628,1256,5,10,6,7,9
629,1258,5,10,6,6,9
630,1260,5,12,9,7,11
631,1262,5,11,8,6,9
632,1264,4,11,16,5,7
633,1266,4,11,14,5,8
634,1268,4,10,12,6,6
635,1270,3,10,13,7,6
636,1272,3,10,11,7,5
637,1274,3,10,11,11,5
638,1276,3,12,10,10,18
639,1278,4,13,12,12,18
640,1280,4,12,11,11,15
641,1282,4,12,9,10,22
642,1284,4,11,8,9,19
643,1286,4,10,8,8,16
644,1288,4,11,7,8,14
645,1290,4,10,5,6,12
646,1292,4,10,8,5,11
647,1294,3,10,19,6,9
648,1296,4,11,20,7,10
649,1298,6,11,17,7,9
650,1300,7,10,14,7,8
651,1302,6,9,12,7,8
652,1304,6,10,10,7,9
653,1306,4,10,9,7,8
654,1308,4,9,8,7,9
655,1310,4,10,21,6,8
656,1312,4,10,18,6,8
657,1314,5,12,18,9,9
658,1316,4,20,16,9,9
659,1318,4,17,13,8,9
660,1320,4,15,11,9,9
661,1322,3,15,10,8,8
662,1324,3,14,8,17,8
663,1326,3,13,8,14,7
664,1328,3,12,6,12,6
665,1330,3,11,18,10,5
666,1332,4,13,18,12,9
667,1334,4,12,17,10,21
668,1336,4,11,15,10,18
669,1338,4,11,22,11,15
670,1340,3,11,18,11,13
671,1342,3,10,16,9,12
672,1344,3,10,14,9,10
673,1346,3,18,13,9,8
674,1348,3,16,11,9,8
675,1350,4,17,13,10,9
676,1352,4,15,12,9,9
677,1354,4,14,11,8,8
678,1356,4,13,9,8,5
679,1358,4,12,13,7,5
680,1360,3,11,11,14,5
681,1362,3,10,11,13,6
682,1364,3,11,10,11,6
683,1366,3,11,8,10,7
684,1368,4,12,10,20,9
685,1370,4,11,9,16,8
686,1372,4,10,8,14,7
687,1374,4,10,7,12,6
688,1376,3,10,7,10,6
689,1378,8,10,7,8,7
690,1380,7,9,7,9,6
691,1382,7,16,12,7,5
692,1384,6,14,24,8,6
693,1386,6,15,23,10,9
694,1388,6,14,24,9,8
695,1390,5,13,20,9,8
696,1392,4,12,16,9,7
697,1394,4,12,14,9,7
698,1396,4,11,15,16,6
699,1398,4,11,12,14,6
700,1400,5,11,11,12,8
701,1402,4,11,10,10,6
702,1404,5,13,12,12,8
703,1406,4,12,17,10,8
704,1408,4,12,14,10,19
705,1410,4,13,12,9,16
706,1412,4,12,10,7,14
707,1414,4,13,21,6,13
708,1416,3,12,18,6,12
709,1418,3,12,21,7,9
710,1420,3,19,17,7,9
711,1422,7,19,18,9,11
712,1424,6,17,16,9,22
713,1426,5,16,15,8,19
714,1428,5,15,13,8,16
715,1430,4,14,12,7,14
716,1432,4,13,10,6,12
717,1434,3,13,10,6,10
718,1436,3,13,9,5,10
719,1438,3,13,8,5,9
720,1440,4,14,10,8,12
721,1442,4,14,9,9,24
722,1444,4,13,8,8,20
723,1446,4,12,8,7,28
724,1448,4,12,7,7,24
725,1450,6,11,7,6,20
726,1452,5,11,6,6,17
727,1454,5,19,5,5,16
728,1456,5,17,6,6,14
729,1458,5,18,8,8,14
730,1460,5,16,7,9,13
731,1462,4,21,7,8,12
732,1464,4,19,6,8,11
733,1466,4,17,6,7,9
734,1468,4,18,5,7,9
735,1470,3,16,5,5,8
736,1472,3,15,18,12,7
737,1474,3,14,15,14,7
738,1476,8,14,16,15,9
739,1478,9,13,14,13,8
740,1480,8,13,11,12,8
741,1482,6,13,9,10,8
742,1484,6,12,9,17,21
743,1486,5,12,7,15,21
744,1488,5,11,18,12,19
745,1490,4,11,16,11,30
746,1492,4,11,14,10,25
747,1494,4,13,15,12,23
748,1496,4,12,12,11,19
749,1498,4,12,16,11,17
750,1500,4,12,14,10,15
751,1502,4,11,13,10,14
752,1504,4,11,11,8,20
753,1506,3,11,9,9,17
754,1508,3,11,8,7,15
755,1510,3,11,8,7,13
756,1512,4,13,16,10,15
757,1514,4,12,14,8,14
758,1516,4,12,12,8,12
759,1518,6,11,10,7,12
760,1520,5,11,8,7,10
761,1522,5,10,6,7,9
762,1524,8,10,7,5,20
763,1526,7,10,6,5,17
764,1528,9,11,8,6,15
765,1530,9,13,11,8,17
766,1532,8,16,10,7,15
767,1534,7,15,11,8,14
768,1536,6,14,9,9,12
769,1538,5,14,7,8,20
770,1540,5,13,7,9,16
771,1542,4,13,5,7,26
772,1544,4,12,5,7,24
773,1546,4,12,4,6,20
774,1548,5,13,7,8,20
775,1550,4,13,6,7,18
776,1552,4,13,5,7,15
777,1554,3,12,5,6,13
778,1556,3,12,5,6,12
779,1558,3,11,6,7,11
780,1560,3,11,4,5,9
781,1562,2,10,4,5,9
782,1564,2,11,4,4,9
783,1566,3,12,7,7,14
784,1568,3,12,6,8,12
785,1570,3,13,6,6,13
786,1572,3,12,6,5,11
787,1574,3,20,5,6,10
788,1576,3,19,4,6,10
789,1578,3,21,17,19,9
790,1580,3,19,15,16,9
791,1582,3,18,13,13,8
792,1584,4,18,16,16,10
793,1586,4,17,14,18,9
794,1588,4,16,12,17,10
795,1590,6,15,10,13,9
796,1592,5,15,9,11,7
797,1594,5,14,8,10,7
798,1596,4,14,7,10,19
799,1598,6,13,7,9,16
800,1600,6,13,6,8,15
801,1602,6,14,9,10,16
802,1604,9,14,19,8,15
803,1606,8,12,23,7,13
804,1608,7,12,18,6,11
805,1610,6,11,16,5,10
806,1612,5,11,14,6,19
807,1614,8,11,13,5,16
808,1616,7,11,12,4,15
809,1618,6,11,10,4,14
810,1620,6,14,16,6,14
811,1622,6,14,14,6,12
812,1624,5,14,11,6,11
813,1626,5,14,10,5,10
814,1628,9,13,10,5,10
815,1630,10,13,8,6,9
816,1632,9,13,8,6,8
817,1634,7,12,8,6,7
818,1636,6,12,8,5,6
819,1638,7,14,11,8,8
820,1640,6,13,9,7,7
821,1642,5,14,8,6,6
822,1644,5,13,8,6,11
823,1646,4,13,8,6,9
824,1648,4,13,8,5,19
825,1650,4,12,6,5,20
826,1652,3,12,6,5,16
827,1654,3,12,6,5,14
828,1656,4,21,8,7,15
829,1658,4,19,8,7,13
830,1660,4,18,7,7,11
831,1662,3,16,6,6,11
832,1664,3,15,6,6,9
833,1666,3,14,5,5,8
834,1668,3,14,4,5,7
835,1670,2,13,5,5,7
836,1672,3,13,4,5,6
837,1674,4,14,7,8,8
838,1676,3,13,8,8,7
839,1678,3,12,7,7,7
840,1680,3,12,7,7,6
841,1682,3,12,6,7,6
842,1684,3,12,5,7,6
843,1686,3,12,5,7,6
844,1688,3,11,5,7,6
845,1690,3,11,5,6,6
846,1692,3,13,8,9,9
847,1694,3,12,7,7,7
848,1696,6,12,6,6,7
849,1698,5,11,7,7,6
850,1700,5,12,7,6,6
851,1702,4,12,6,7,6
852,1704,4,12,6,6,6
853,1706,3,12,7,5,5
854,1708,3,12,7,4,5
855,1710,4,13,8,7,8
856,1712,6,13,7,7,7
857,1714,5,14,10,7,14
858,1716,5,13,10,7,13
859,1718,4,13,9,8,12
860,1720,9,13,9,7,11
861,1722,7,13,8,6,10
862,1724,7,13,7,6,10
863,1726,6,14,8,6,8
864,1728,6,15,11,8,10
865,1730,6,14,11,8,9
866,1732,5,18,9,7,8
867,1734,5,23,9,14,8
868,1736,4,21,7,13,7
869,1738,4,19,6,20,9
870,1740,3,24,6,17,8
871,1742,3,27,5,14,7
872,1744,3,25,3,22,7
873,1746,4,24,6,22,10
874,1748,4,21,7,19,9
875,1750,4,19,7,17,8
876,1752,4,17,6,15,8
877,1754,7,17,5,13,6
878,1756,6,16,4,11,6
879,1758,5,15,5,11,5
880,1760,5,14,4,10,5
881,1762,5,14,3,9,5
882,1764,5,15,8,11,8
883,1766,5,15,6,10,9
884,1768,4,14,6,12,7
885,1770,5,14,6,11,6
886,1772,6,13,6,10,6
887,1774,5,13,7,9,4
888,1776,5,12,9,10,5
889,1778,4,12,9,10,5
890,1780,4,13,11,8,5
891,1782,5,14,13,13,7
892,1784,4,14,12,11,6
893,1786,4,17,10,10,6
894,1788,4,16,10,10,6
895,1790,3,15,11,9,5
896,1792,3,15,10,8,5
897,1794,5,14,10,6,6
898,1796,4,14,8,6,6
899,1798,4,14,7,5,19
900,1800,5,16,10,7,19
901,1802,4,16,9,6,16
902,1804,3,15,8,6,14
903,1806,3,14,8,4,13
904,1808,3,13,7,4,12
905,1810,3,13,7,17,11
906,1812,3,13,6,13,10
907,1814,3,13,5,11,9
908,1816,3,13,6,10,8
909,1818,4,14,13,11,10
910,1820,5,14,11,11,9
911,1822,4,14,11,9,17
912,1824,4,14,10,9,15
913,1826,3,14,15,7,16
914,1828,3,17,13,7,15
915,1830,3,16,12,6,12
916,1832,3,15,17,6,11
917,1834,3,14,15,5,12
918,1836,4,20,15,7,13
919,1838,4,17,14,7,12
920,1840,3,24,12,6,10
921,1842,4,22,11,6,9
922,1844,7,21,10,6,8
923,1846,9,20,10,5,7
924,1848,8,21,8,5,6
925,1850,7,19,7,7,5
926,1852,6,18,7,7,5
927,1854,6,21,9,9,9
928,1856,5,20,8,8,8
929,1858,5,19,8,12,11
930,1860,5,17,8,10,10
931,1862,5,21,7,10,17
932,1864,7,19,6,9,15
933,1866,6,18,9,8,14
934,1868,6,17,8,7,12
935,1870,5,16,8,7,11
936,1872,6,17,10,9,13
937,1874,5,16,8,8,10
938,1876,9,15,6,8,9
939,1878,8,14,6,7,19
940,1880,7,14,6,6,16
941,1882,6,13,7,6,13
942,1884,5,13,7,6,12
943,1886,5,12,6,5,12
944,1888,5,12,5,5,10
945,1890,6,14,8,7,12
946,1892,5,14,9,6,11
947,1894,4,13,8,6,10
948,1896,6,13,7,6,20
949,1898,5,13,7,6,18
950,1900,5,13,5,7,16
951,1902,4,15,6,7,15
952,1904,5,15,9,6,11
953,1906,4,15,9,6,8
954,1908,5,16,11,13,10
955,1910,5,17,10,12,9
956,1912,4,16,9,10,9
957,1914,4,16,10,9,9
958,1916,6,15,9,8,9
959,1918,5,21,8,8,8
960,1920,5,19,7,8,15
961,1922,4,17,6,8,13
962,1924,4,16,6,8,11
963,1926,5,17,8,10,12
964,1928,4,23,7,9,11
965,1930,4,21,7,8,9
966,1932,4,19,7,8,8
967,1934,5,17,6,7,20
968,1936,5,16,6,7,17
969,1938,4,15,7,7,15
970,1940,4,15,6,7,14
971,1942,4,14,7,5,12
972,1944,7,16,9,8,14
973,1946,9,15,9,6,12
974,1948,8,15,9,6,11
975,1950,7,14,7,6,9
976,1952,6,13,8,5,8
977,1954,6,13,6,5,8
978,1956,5,14,17,16,8
979,1958,5,14,14,13,7
980,1960,4,13,13,12,7
981,1962,5,15,14,14,9
982,1964,4,14,12,12,8
983,1966,5,14,11,10,8
984,1968,4,13,10,9,6
985,1970,6,15,8,8,5
986,1972,5,14,7,7,5
987,1974,5,14,7,7,4
988,1976,5,13,6,7,8
989,1978,5,13,6,8,7
990,1980,6,14,8,11,10
991,1982,5,13,8,10,16
992,1984,5,13,7,10,14
993,1986,5,12,7,9,12
994,1988,4,14,7,8,11
995,1990,3,14,7,13,10
996,1992,4,14,7,12,9
997,1994,3,13,6,10,8
998,1996,3,13,6,9,7
999,1998,5,14,9,11,9
1000,2000,4,14,9,18,9
1001,2002,4,14,8,14,8
1002,2004,4,14,7,12,7
1003,2006,3,13,9,12,6
1004,2008,4,13,9,10,7
1005,2010,4,13,11,9,7
1006,2012,4,13,11,9,6
1007,2014,7,13,23,7,6
1008,2016,8,15,22,9,7
1009,2018,6,14,18,10,7
1010,2020,6,13,15,15,7
1011,2022,5,13,13,13,6
1012,2024,5,13,12,11,6
1013,2026,6,13,10,18,5
1014,2028,6,13,10,15,4
1015,2030,5,13,9,13,4
1016,2032,5,21,9,11,4
1017,2034,5,22,11,14,8
1018,2036,4,20,10,12,8
1019,2038,4,19,8,11,6
1020,2040,6,18,7,11,5
1021,2042,6,17,6,9,6
1022,2044,5,16,7,8,5
1023,2046,5,16,6,8,6
1024,2048,4,15,6,7,5
1025,2050,4,15,6,6,5
1026,2052,5,16,8,8,8
1027,2054,5,16,8,8,7
1028,2056,4,15,8,6,6
1029,2058,4,15,7,6,5
1030,2060,4,14,14,5,5
1031,2062,4,14,13,5,4
1032,2064,4,14,11,5,5
1033,2066,6,14,19,5,4
1034,2068,6,14,17,4,4
1035,2070,6,16,17,8,8
1036,2072,5,17,15,7,7
1037,2074,5,17,12,6,19
1038,2076,4,16,11,5,17
1039,2078,4,15,10,4,14
1040,2080,4,15,8,5,24
1041,2082,3,15,7,5,20
1042,2084,4,15,7,4,17
1043,2086,4,15,6,5,15
1044,2088,4,16,8,8,18
1045,2090,4,16,7,7,16
1046,2092,3,16,6,7,13
1047,2094,4,16,6,7,12
1048,2096,4,15,6,7,9
1049,2098,4,15,6,6,9
1050,2100,4,17,6,6,8
1051,2102,6,16,6,6,8
1052,2104,5,16,6,6,7
1053,2106,6,17,8,9,9
1054,2108,5,16,9,21,8
1055,2110,4,16,8,20,11
1056,2112,4,16,7,18,10
1057,2114,4,15,6,20,8
1058,2116,4,15,6,18,8
1059,2118,4,15,6,16,6
1060,2120,4,15,15,17,5
1061,2122,3,14,13,15,4
1062,2124,4,16,14,15,7
1063,2126,4,16,13,14,7
1064,2128,4,15,11,12,6
1065,2130,4,15,10,11,6
1066,2132,4,15,9,9,6
1067,2134,4,15,8,9,6
1068,2136,4,15,8,8,6
1069,2138,4,15,7,7,7
1070,2140,3,15,16,7,5
1071,2142,5,16,17,10,8
1072,2144,4,16,15,8,10
1073,2146,4,16,13,8,9
1074,2148,4,15,12,8,9
1075,2150,5,14,10,7,17
1076,2152,5,14,15,7,14
1077,2154,5,14,13,8,15
1078,2156,4,14,12,7,13
1079,2158,4,13,10,7,11
1080,2160,5,15,14,9,12
1081,2162,4,15,13,8,11
1082,2164,4,15,12,7,10
1083,2166,4,15,13,5,8
1084,2168,4,14,11,18,7
1085,2170,4,15,12,17,6
1086,2172,6,15,9,18,6
1087,2174,6,22,9,15,7
1088,2176,5,20,9,13,8
1089,2178,6,21,12,14,10
1090,2180,5,20,11,12,10
1091,2182,5,19,10,11,9
1092,2184,5,18,15,9,9
1093,2186,5,17,13,8,7
1094,2188,4,16,12,18,7
1095,2190,4,17,11,15,7
1096,2192,4,16,10,14,6
1097,2194,3,16,9,12,6
1098,2196,4,17,12,13,9
1099,2198,4,20,10,12,7
1100,2200,3,19,9,10,7
1101,2202,3,17,9,9,6
1102,2204,3,16,22,9,6
1103,2206,3,16,19,8,7
1104,2208,3,15,16,7,6
1105,2210,3,15,13,6,6
1106,2212,4,15,11,17,5
1107,2214,5,17,13,18,7
1108,2216,4,16,12,14,6
1109,2218,4,16,10,12,6
1110,2220,5,15,9,10,4
1111,2222,5,16,8,9,5
1112,2224,4,15,8,8,5
1113,2226,4,15,7,8,4
1114,2228,7,15,7,6,4
1115,2230,6,15,7,5,4
1116,2232,7,16,11,8,7
1117,2234,6,16,10,8,6
1118,2236,5,16,9,7,6
1119,2238,5,15,8,7,7
1120,2240,4,15,7,6,6
1121,2242,4,15,7,5,5
1122,2244,9,17,8,5,5
1123,2246,8,17,7,5,5
1124,2248,7,16,7,8,5
1125,2250,7,17,9,9,8
1126,2252,11,16,16,8,7
1127,2254,12,16,14,8,7
1128,2256,10,16,13,7,6
1129,2258,10,16,13,7,9
1130,2260,9,15,10,7,9
1131,2262,8,15,17,6,7
1132,2264,7,15,13,7,8
1133,2266,6,15,11,7,9
1134,2268,7,16,13,9,11
1135,2270,6,15,11,8,10
1136,2272,6,15,10,7,10
1137,2274,5,15,9,6,9
1138,2276,5,14,8,7,8
1139,2278,4,14,9,7,7
1140,2280,4,14,8,6,6
1141,2282,4,14,7,7,6
1142,2284,4,14,6,7,5
1143,2286,5,16,9,9,8
1144,2288,4,16,9,9,7
1145,2290,4,15,8,8,7
1146,2292,4,14,8,7,7
1147,2294,3,14,8,7,7
1148,2296,4,15,7,6,20
1149,2298,4,15,6,7,17
1150,2300,3,23,18,6,27
1151,2302,3,21,16,7,23
1152,2304,4,21,17,9,23
1153,2306,4,20,16,7,33
1154,2308,4,21,14,6,28
1155,2310,4,20,13,7,23
1156,2312,4,18,11,7,19
1157,2314,3,17,9,5,18
1158,2316,3,16,15,5,15
1159,2318,4,16,13,5,13
1160,2320,3,15,25,6,11
1161,2322,4,17,23,8,13
1162,2324,4,16,20,8,11
1163,2326,4,16,16,7,21
1164,2328,4,16,14,20,17
1165,2330,5,16,12,16,16
1166,2332,5,15,10,17,13
1167,2334,9,15,8,15,12
1168,2336,7,20,8,13,10
1169,2338,7,19,8,10,9
1170,2340,8,19,10,13,11
1171,2342,7,19,10,11,10
1172,2344,7,18,9,10,9
1173,2346,6,18,8,10,9
1174,2348,5,17,7,9,9
1175,2350,5,17,6,8,9
1176,2352,5,17,5,8,8
1177,2354,4,17,4,7,8
1178,2356,4,16,5,6,6
1179,2358,5,17,7,8,9
1180,2360,5,17,7,8,9
1181,2362,4,17,7,7,9
1182,2364,4,16,6,7,7
1183,2366,4,16,5,4,7
1184,2368,4,16,4,5,7
1185,2370,3,16,5,4,6
1186,2372,3,15,5,4,7
1187,2374,3,15,3,5,7
1188,2376,4,16,6,7,9
1189,2378,3,16,6,6,9
1190,2380,3,16,6,6,9
1191,2382,3,17,5,6,15
1192,2384,4,25,10,7,13
1193,2386,4,26,9,7,11
1194,2388,4,24,9,6,9
1195,2390,4,22,9,6,13
1196,2392,3,21,8,5,11
1197,2394,5,22,10,16,13
1198,2396,5,21,10,15,11
1199,2398,5,20,9,13,10
1200,2400,4,21,8,12,9
1201,2402,4,20,8,10,8
1202,2404,4,27,6,9,7
1203,2406,3,25,9,9,7
1204,2408,3,23,7,8,5
1205,2410,3,22,7,8,5
1206,2412,4,22,9,9,7
1207,2414,4,28,9,21,7
1208,2416,4,26,7,19,6
1209,2418,3,24,6,16,6
1210,2420,3,23,4,14,6
1211,2422,3,22,4,12,6
1212,2424,4,20,16,10,6
1213,2426,4,19,14,9,6
1214,2428,3,19,12,8,6
1215,2430,4,19,14,10,8
1216,2432,4,18,13,9,6
1217,2434,3,17,11,8,6
1218,2436,3,17,10,8,6
1219,2438,3,17,13,8,7
1220,2440,3,17,12,6,8
1221,2442,3,16,10,7,8
1222,2444,6,16,9,8,6
1223,2446,5,16,13,7,6
1224,2448,10,17,15,23,8
1225,2450,9,17,13,20,8
1226,2452,8,17,12,16,8
1227,2454,7,16,19,14,12
1228,2456,6,16,17,13,11
1229,2458,6,16,15,12,10
1230,2460,5,16,13,10,10
1231,2462,5,16,11,8,9
1232,2464,5,15,10,8,9
1233,2466,6,17,12,9,10
1234,2468,4,16,16,8,9
1235,2470,4,16,14,6,8
1236,2472,8,16,12,7,6
1237,2474,7,16,11,7,5
1238,2476,6,16,10,6,3
1239,2478,6,16,8,5,3
1240,2480,5,16,7,18,4
1241,2482,4,16,5,27,4
1242,2484,5,17,8,25,7
1243,2486,4,17,7,21,7
1244,2488,4,17,6,18,7
1245,2490,4,17,5,15,7
1246,2492,4,17,6,13,6
1247,2494,3,16,18,12,6
1248,2496,3,16,15,11,6
1249,2498,3,16,13,9,5
1250,2500,3,19,11,8,5
1251,2502,4,21,13,10,7
1252,2504,4,20,11,9,8
1253,2506,3,19,10,9,7
1254,2508,3,18,8,7,7
1255,2510,3,18,7,8,18
1256,2512,3,17,6,13,15
1257,2514,3,17,6,11,13
1258,2516,3,16,6,10,12
1259,2518,3,15,6,10,10
1260,2520,4,17,8,13,12
1261,2522,3,17,7,12,11
1262,2524,3,17,7,14,11
1263,2526,3,16,7,12,9
1264,2528,3,16,7,10,9
1265,2530,3,15,6,9,8
1266,2532,4,16,5,9,7
1267,2534,3,16,5,9,5
1268,2536,4,16,5,21,6
1269,2538,5,19,9,21,8
1270,2540,5,23,8,17,18
1271,2542,4,22,11,15,16
1272,2544,4,21,9,14,14
1273,2546,4,20,8,13,12
1274,2548,3,20,7,11,11
1275,2550,3,19,7,10,11
1276,2552,3,18,6,10,10
1277,2554,3,17,11,10,9
1278,2556,4,18,13,11,11
1279,2558,4,18,13,9,9
1280,2560,4,18,11,8,7
1281,2562,5,17,10,8,7
1282,2564,4,20,9,7,6
1283,2566,4,20,8,7,5
1284,2568,4,20,7,6,6
1285,2570,3,19,14,5,15
1286,2572,3,21,11,6,13
1287,2574,4,22,13,9,14
1288,2576,4,21,11,8,12
1289,2578,4,20,10,7,11
1290,2580,4,19,9,7,10
1291,2582,4,18,8,7,9
1292,2584,3,19,8,6,8
1293,2586,3,18,7,6,6
1294,2588,3,18,6,4,6
1295,2590,3,17,5,5,7
1296,2592,4,18,7,7,11
1297,2594,4,18,6,7,10
1298,2596,3,17,5,7,9
1299,2598,3,24,5,6,8
1300,2600,3,22,5,7,13
1301,2602,3,21,5,6,11
1302,2604,3,19,5,4,10
1303,2606,3,19,6,4,9
1304,2608,3,19,6,4,8
1305,2610,4,20,10,6,10
1306,2612,3,19,8,6,10
1307,2614,3,18,8,4,10
1308,2616,3,18,7,4,9
1309,2618,3,25,6,3,8
1310,2620,3,25,6,10,6
1311,2622,4,23,5,9,6
1312,2624,4,22,5,8,6
1313,2626,3,21,5,8,5
1314,2628,4,22,7,10,9
1315,2630,4,20,7,9,9
1316,2632,4,19,6,8,7
1317,2634,3,19,10,7,7
1318,2636,4,19,9,8,7
1319,2638,3,19,8,7,6
1320,2640,5,18,11,6,6
1321,2642,5,17,10,5,7
1322,2644,4,17,10,5,6
1323,2646,5,21,12,7,20
1324,2648,5,20,12,7,17
1325,2650,4,20,10,6,14
1326,2652,4,19,18,5,12
1327,2654,4,18,15,4,10
1328,2656,4,18,17,6,9
1329,2658,4,17,14,5,7
1330,2660,4,17,15,6,20
1331,2662,4,17,13,6,16
1332,2664,5,27,14,9,21
1333,2666,4,25,12,7,18
1334,2668,4,23,11,8,16
1335,2670,4,22,10,7,13
1336,2672,3,21,9,5,11
1337,2674,3,20,7,6,10
1338,2676,3,20,5,6,8
1339,2678,3,23,5,5,8
1340,2680,3,21,5,5,16
1341,2682,4,24,8,8,17
1342,2684,4,29,6,7,23
1343,2686,4,27,5,7,19
1344,2688,3,25,5,7,23
1345,2690,3,23,5,7,27
1346,2692,3,22,5,7,23
1347,2694,3,21,5,6,21
1348,2696,4,20,5,9,18
1349,2698,4,20,6,9,14
1350,2700,5,21,8,10,24
1351,2702,5,20,6,8,21
1352,2704,4,19,6,9,19
1353,2706,4,18,6,8,15
1354,2708,4,18,6,7,12
1355,2710,4,18,6,7,10
1356,2712,3,17,6,7,8
1357,2714,3,18,6,6,20
1358,2716,3,18,6,6,16
1359,2718,4,27,9,7,17
1360,2720,3,25,8,6,14
1361,2722,3,23,8,6,12
1362,2724,3,22,6,8,10
1363,2726,3,21,6,8,8
1364,2728,3,19,5,8,7
1365,2730,3,19,4,7,7
1366,2732,2,18,4,7,14
1367,2734,2,18,9,7,12
1368,2736,3,19,10,9,26
1369,2738,3,19,10,8,22
1370,2740,3,18,8,8,19
1371,2742,3,18,7,8,21
1372,2744,3,19,7,6,21
1373,2746,3,18,7,5,18
1374,2748,3,18,8,12,16
1375,2750,3,19,7,10,14
1376,2752,3,18,6,9,12
1377,2754,4,19,17,12,14
1378,2756,4,19,17,11,13
1379,2758,4,19,15,9,10
1380,2760,4,19,12,7,8
1381,2762,3,18,14,7,9
1382,2764,3,18,13,7,8
1383,2766,3,18,11,7,8
1384,2768,3,17,10,6,8
1385,2770,3,23,9,9,6
1386,2772,4,23,11,11,10
1387,2774,3,22,9,9,10
1388,2776,3,22,8,9,22
1389,2778,3,22,7,7,18
1390,2780,3,21,6,7,16
1391,2782,3,20,6,7,14
1392,2784,3,20,6,7,13
1393,2786,3,27,5,5,12
1394,2788,3,24,4,4,11
1395,2790,4,25,6,11,15
1396,2792,4,24,6,10,14
1397,2794,3,23,5,10,12
1398,2796,3,22,5,8,10
1399,2798,3,21,6,7,9
1400,2800,3,20,6,6,11
1401,2802,3,20,5,5,11
1402,2804,3,23,5,5,9
1403,2806,3,22,5,4,21
1404,2808,4,23,7,8,21
1405,2810,4,22,6,8,17
1406,2812,4,20,5,7,15
1407,2814,3,20,5,7,13
1408,2816,3,19,5,6,11
1409,2818,3,18,5,6,10
1410,2820,4,18,4,8,10
1411,2822,3,20,5,10,9
1412,2824,4,19,5,9,8
1413,2826,5,29,11,10,10
1414,2828,5,27,10,9,9
1415,2830,4,25,8,9,8
1416,2832,5,23,7,8,8
1417,2834,5,22,7,8,7
1418,2836,4,22,7,21,8
1419,2838,4,21,7,18,7
1420,2840,4,21,6,15,7
1421,2842,3,20,6,13,7
1422,2844,4,25,9,15,9
1423,2846,5,23,9,12,8
1424,2848,5,23,9,11,8
1425,2850,4,21,8,10,7
1426,2852,4,21,6,8,6
1427,2854,4,20,6,8,6
1428,2856,4,22,4,6,6
1429,2858,4,25,5,6,7
1430,2860,4,24,5,5,5
1431,2862,5,25,7,7,8
1432,2864,5,23,7,7,7
1433,2866,5,23,7,7,7
1434,2868,4,21,6,8,8
1435,2870,4,20,6,7,7
1436,2872,4,20,6,7,6
1437,2874,8,20,6,6,6
1438,2876,7,20,5,15,6
1439,2878,6,20,4,23,5
1440,2880,6,21,6,21,8
1441,2882,7,20,6,17,8
1442,2884,6,19,6,14,7
1443,2886,5,18,6,12,6
1444,2888,5,18,4,10,6
1445,2890,5,18,5,9,5
1446,2892,4,18,4,7,5
1447,2894,4,17,5,8,4
1448,2896,4,20,4,8,5
1449,2898,5,20,9,9,8
1450,2900,4,21,7,9,7
1451,2902,4,22,6,9,6
1452,2904,4,21,6,8,8
1453,2906,5,20,7,8,7
1454,2908,4,20,6,8,6
1455,2910,4,19,17,6,6
1456,2912,3,18,15,9,6
1457,2914,3,18,14,8,6
1458,2916,4,20,15,11,10
1459,2918,4,20,14,11,10
1460,2920,3,20,13,9,9
1461,2922,4,19,11,8,8
1462,2924,4,19,10,7,6
1463,2926,4,18,9,12,6
1464,2928,4,18,9,11,6
1465,2930,4,20,8,9,6
1466,2932,4,20,7,8,6
1467,2934,4,22,23,9,9
1468,2936,4,21,19,9,9
1469,2938,4,21,16,8,8
1470,2940,4,20,14,6,6
1471,2942,4,20,12,6,13
1472,2944,4,27,11,6,11
1473,2946,4,25,10,6,11
1474,2948,4,24,8,6,10
1475,2950,3,22,7,6,9
1476,2952,4,23,10,10,11
1477,2954,4,22,9,8,10
1478,2956,4,21,14,8,9
1479,2958,4,20,13,7,7
1480,2960,3,19,12,7,7
1481,2962,3,19,11,7,6
1482,2964,3,19,10,7,6
1483,2966,3,19,8,7,6
1484,2968,3,19,7,6,6
1485,2970,4,24,9,8,8
1486,2972,4,23,8,7,7
1487,2974,4,22,7,6,8
1488,2976,4,23,6,6,7
1489,2978,4,23,6,6,7
1490,2980,3,22,7,6,6
1491,2982,3,21,6,5,6
1492,2984,7,21,6,6,5
1493,2986,6,21,6,6,4
1494,2988,7,30,17,9,10
1495,2990,6,27,15,8,10
1496,2992,5,26,13,8,10
1497,2994,5,25,12,8,14
1498,2996,5,24,21,8,11
1499,2998,4,23,18,7,10
1500,3000,4,22,15,6,21
1501,3002,4,22,14,5,18
1502,3004,4,21,13,4,16
1503,3006,5,22,14,7,17
1504,3008,4,22,12,6,14
1505,3010,4,21,10,5,13
1506,3012,4,20,9,6,12
1507,3014,3,19,8,5,21
1508,3016,3,19,7,4,19
1509,3018,3,19,6,4,17
1510,3020,3,18,6,4,14
1511,3022,3,19,5,3,13
1512,3024,4,21,9,6,15
1513,3026,4,21,15,6,14
1514,3028,4,20,18,5,12
1515,3030,3,20,15,6,11
1516,3032,6,20,15,6,13
1517,3034,5,19,24,5,12
1518,3036,5,19,21,10,12
1519,3038,5,20,20,9,15
1520,3040,5,19,17,8,13
1521,3042,6,21,18,15,15
1522,3044,5,20,14,14,13
1523,3046,4,19,25,12,11
1524,3048,4,19,20,10,11
1525,3050,4,19,16,9,9
1526,3052,4,21,14,9,9
1527,3054,4,20,26,8,7
1528,3056,3,22,29,7,7
1529,3058,3,21,24,6,6
1530,3060,4,26,24,9,8
1531,3062,6,25,20,7,9
1532,3064,5,24,16,7,16
1533,3066,5,23,14,7,15
1534,3068,5,22,12,6,13
1535,3070,4,22,11,5,11
1536,3072,3,22,10,6,11
1537,3074,6,21,13,6,10
1538,3076,6,21,12,6,10
1539,3078,7,22,14,15,12
1540,3080,6,21,14,13,11
1541,3082,5,20,12,11,9
1542,3084,9,20,10,10,8
1543,3086,8,19,10,8,7
1544,3088,7,19,10,8,6
1545,3090,6,19,9,7,5
1546,3092,5,18,8,7,5
1547,3094,5,19,7,11,5
1548,3096,9,21,10,13,8
1549,3098,7,20,9,11,8
1550,3100,6,20,8,10,7
1551,3102,6,19,8,8,6
1552,3104,5,19,7,8,6
1553,3106,4,20,6,8,7
1554,3108,4,19,6,6,7
1555,3110,4,19,5,12,7
1556,3112,4,19,4,11,7
1557,3114,4,21,8,12,9
1558,3116,4,20,7,10,16
1559,3118,4,21,11,9,27
1560,3120,3,21,11,9,23
1561,3122,3,21,10,7,19
1562,3124,5,21,13,7,16
1563,3126,4,21,11,7,14
1564,3128,4,21,10,7,16
1565,3130,4,25,8,8,15
1566,3132,6,25,11,10,15
1567,3134,5,24,10,9,14
1568,3136,5,23,9,9,11
1569,3138,4,23,8,8,10
1570,3140,4,22,7,19,8
1571,3142,4,21,6,17,7
1572,3144,4,20,5,15,7
1573,3146,5,20,6,13,6
1574,3148,4,20,5,12,6
1575,3150,7,21,9,12,21
1576,3152,6,20,8,11,18
1577,3154,5,19,7,10,14
1578,3156,5,19,6,9,12
1579,3158,7,19,4,8,11
1580,3160,6,19,5,7,9
1581,3162,5,19,8,8,9
1582,3164,4,18,7,21,8
1583,3166,4,18,7,17,8
1584,3168,5,20,10,18,11
1585,3170,9,19,9,16,10
1586,3172,8,20,8,15,10
1587,3174,7,19,9,13,9
1588,3176,6,19,7,12,8
1589,3178,6,19,7,11,6
1590,3180,5,24,6,9,6
1591,3182,6,24,5,8,6
1592,3184,7,23,5,8,5
1593,3186,7,24,8,11,8
1594,3188,7,24,10,9,8
1595,3190,6,23,9,9,7
1596,3192,6,22,8,8,7
1597,3194,5,22,9,7,7
1598,3196,4,21,8,6,7
1599,3198,4,20,8,5,6
1600,3200,7,19,7,12,5
1601,3202,7,19,6,25,4
1602,3204,7,20,9,24,7
1603,3206,7,20,8,20,6
1604,3208,6,19,9,17,6
1605,3210,5,19,9,15,6
1606,3212,5,20,7,13,5
1607,3214,5,20,7,11,18
1608,3216,5,20,7,9,16
1609,3218,4,20,7,9,14
1610,3220,5,20,6,9,13
1611,3222,5,21,8,14,14
1612,3224,5,21,7,12,13
1613,3226,4,21,8,10,11
1614,3228,4,21,7,9,12
1615,3230,4,21,7,8,10
1616,3232,4,21,6,7,8
1617,3234,4,21,5,8,8
1618,3236,4,20,5,7,7
1619,3238,4,20,6,6,15
1620,3240,5,22,8,9,15
1621,3242,5,21,7,9,14
1622,3244,4,23,7,8,12
1623,3246,4,22,5,7,11
1624,3248,3,21,5,5,10
1625,3250,3,21,5,6,10
1626,3252,3,20,5,5,9
1627,3254,3,20,5,5,10
1628,3256,3,20,3,5,16
1629,3258,4,22,6,7,16
1630,3260,4,23,6,5,14
1631,3262,4,22,6,9,23
1632,3264,4,21,5,9,19
1633,3266,3,20,4,9,17
1634,3268,3,21,4,9,14
1635,3270,3,21,4,8,13
1636,3272,3,20,5,7,11
1637,3274,4,23,5,6,10
1638,3276,5,24,8,10,11
1639,3278,4,23,7,9,11
1640,3280,4,22,7,8,14
1641,3282,4,22,6,7,13
1642,3284,8,21,6,7,10
1643,3286,7,21,6,6,10
1644,3288,6,20,6,5,9
1645,3290,6,20,6,5,8
1646,3292,5,19,6,5,9
1647,3294,6,20,9,8,10
1648,3296,5,20,9,7,9
1649,3298,5,20,8,7,6
1650,3300,4,20,8,7,6
1651,3302,4,20,9,6,8
1652,3304,4,20,8,5,8
1653,3306,4,20,7,4,8
1654,3308,3,24,8,4,8
1655,3310,3,23,7,3,7
1656,3312,4,24,10,7,10
1657,3314,5,23,8,7,8
1658,3316,5,22,10,6,7
1659,3318,5,22,10,7,7
1660,3320,4,21,8,6,7
1661,3322,4,28,7,6,7
1662,3324,4,29,6,5,6
1663,3326,3,26,18,5,6
1664,3328,3,26,16,5,6
1665,3330,9,27,16,8,12
1666,3332,8,27,13,8,11
1667,3334,9,26,12,20,10
1668,3336,7,25,11,17,9
1669,3338,7,24,11,15,8
1670,3340,8,23,10,13,7
1671,3342,7,23,10,15,7
1672,3344,6,22,8,12,7
1673,3346,6,21,8,11,6
1674,3348,6,22,10,13,10
1675,3350,6,21,9,12,9
1676,3352,5,21,8,11,8
1677,3354,5,21,7,10,7
1678,3356,9,21,5,9,6
1679,3358,8,20,5,7,6
1680,3360,7,20,5,6,5
1681,3362,6,20,4,6,4
1682,3364,7,20,4,5,5
1683,3366,7,22,7,18,9
1684,3368,6,22,7,16,9
1685,3370,6,21,7,14,8
1686,3372,5,20,6,14,8
1687,3374,5,20,6,16,7
1688,3376,4,20,8,12,6
1689,3378,4,20,8,24,6
1690,3380,3,21,7,21,6
1691,3382,3,21,6,18,6
1692,3384,4,22,11,19,8
1693,3386,4,22,10,16,8
1694,3388,4,22,9,13,8
1695,3390,4,21,8,12,7
1696,3392,4,23,13,10,6
1697,3394,4,23,10,9,6
1698,3396,4,22,9,8,6
1699,3398,4,21,8,7,5
1700,3400,4,21,21,6,6
1701,3402,4,23,20,7,9
1702,3404,4,22,17,16,9
1703,3406,4,22,15,14,8
1704,3408,4,22,13,13,7
1705,3410,4,21,11,16,6
1706,3412,5,21,9,14,5
1707,3414,4,22,8,13,5
1708,3416,4,21,8,11,5
1709,3418,4,21,8,10,6
1710,3420,5,23,11,10,9
1711,3422,4,22,9,10,8
1712,3424,4,22,9,8,8
1713,3426,4,22,8,8,8
1714,3428,4,22,10,7,8
1715,3430,8,21,9,7,7
1716,3432,7,21,8,6,7
1717,3434,6,21,6,6,6
1718,3436,5,22,7,6,6
1719,3438,6,23,9,8,9
1720,3440,6,23,9,7,7
1721,3442,5,22,12,7,6
1722,3444,9,21,10,6,6
1723,3446,8,21,9,7,7
1724,3448,7,22,8,6,7
1725,3450,6,23,7,18,7
1726,3452,5,21,6,14,7
1727,3454,6,21,9,22,6
1728,3456,6,23,12,21,9
1729,3458,6,22,9,18,8
1730,3460,5,21,22,15,7
1731,3462,5,21,18,14,6
1732,3464,5,21,16,13,6
1733,3466,4,29,13,11,5
1734,3468,4,26,11,10,4
1735,3470,4,26,10,9,4
1736,3472,4,25,9,15,5
1737,3474,4,33,11,17,8
1738,3476,4,31,10,14,8
1739,3478,4,29,9,13,7
1740,3480,4,27,7,11,6
1741,3482,4,30,6,10,19
1742,3484,4,29,6,9,17
1743,3486,3,28,6,13,14
1744,3488,3,26,5,11,12
1745,3490,3,25,5,23,11
1746,3492,4,26,8,23,13
1747,3494,4,26,6,19,11
1748,3496,4,25,7,16,10
1749,3498,4,24,12,14,8
1750,3500,4,23,10,12,9
1751,3502,4,25,9,9,22
1752,3504,3,24,8,8,18
1753,3506,3,23,7,9,15
1754,3508,8,23,7,8,13
1755,3510,7,24,9,9,14
1756,3512,7,24,9,8,12
1757,3514,6,23,9,7,10
1758,3516,5,23,7,6,8
1759,3518,4,23,6,6,9
1760,3520,5,22,5,11,9
1761,3522,4,22,5,10,8
1762,3524,4,22,4,10,6
1763,3526,4,22,4,9,6
1764,3528,5,24,7,11,12
1765,3530,5,23,20,23,12
1766,3532,4,23,20,21,11
1767,3534,4,22,17,17,11
1768,3536,4,21,15,16,8
1769,3538,4,22,12,13,7
1770,3540,3,23,11,12,7
1771,3542,4,22,11,11,6
1772,3544,3,22,9,10,6
1773,3546,4,23,11,12,9
1774,3548,4,26,11,11,8
1775,3550,4,29,9,10,7
1776,3552,4,28,9,14,7
1777,3554,4,27,7,11,6
1778,3556,4,25,7,11,4
1779,3558,4,25,6,9,4
1780,3560,3,24,5,8,3
1781,3562,3,23,5,7,3
1782,3564,4,24,8,9,6
1783,3566,4,23,8,8,5
1784,3568,4,23,7,8,4
1785,3570,3,23,7,7,4
1786,3572,4,22,7,6,5
1787,3574,3,22,7,10,4
1788,3576,3,22,6,10,4
1789,3578,4,22,4,9,5
1790,3580,8,22,8,12,5
1791,3582,8,31,23,13,7
1792,3584,7,29,21,11,6
1793,3586,6,28,18,10,6
1794,3588,8,27,16,7,6
1795,3590,8,26,14,7,5
1796,3592,7,25,12,17,5
1797,3594,6,24,11,24,4
1798,3596,5,24,11,21,4
1799,3598,5,23,9,18,5
1800,3600,5,24,10,17,7
1801,3602,5,23,9,15,6
1802,3604,9,24,9,13,5
1803,3606,8,23,7,12,5
1804,3608,7,23,6,11,5
1805,3610,6,22,6,10,5
1806,3612,6,22,6,9,5
1807,3614,5,28,14,9,5
1808,3616,4,27,11,8,6
1809,3618,5,27,12,11,8
1810,3620,4,26,11,10,8
1811,3622,4,25,9,12,7
1812,3624,4,23,9,11,7
1813,3626,4,23,9,8,7
1814,3628,3,23,9,9,7
1815,3630,4,22,8,8,6
1816,3632,3,22,7,7,5
1817,3634,3,22,7,5,5
1818,3636,4,23,9,7,7
1819,3638,4,23,10,7,7
1820,3640,4,22,8,6,6
1821,3642,4,21,7,10,19
1822,3644,6,21,12,10,17
1823,3646,7,26,11,10,15
1824,3648,6,25,9,11,20
1825,3650,6,24,8,9,18
1826,3652,5,24,7,9,14
1827,3654,5,25,10,10,15
1828,3656,5,24,10,7,13
1829,3658,5,24,9,6,23
1830,3660,4,27,9,6,20
1831,3662,6,26,9,5,17
1832,3664,6,25,9,5,15
1833,3666,6,24,8,5,13
1834,3668,5,23,8,4,12
1835,3670,5,23,8,6,11
1836,3672,5,24,10,8,13
1837,3674,7,24,9,7,11
1838,3676,8,23,8,13,10
1839,3678,7,23,6,12,9
1840,3680,6,23,6,11,8
1841,3682,5,23,5,10,7
1842,3684,5,22,5,9,6
1843,3686,4,21,5,9,5
1844,3688,4,21,5,9,6
1845,3690,7,24,8,11,9
1846,3692,6,24,7,10,8
1847,3694,9,23,6,9,8
1848,3696,8,26,6,8,7
1849,3698,7,25,6,20,13
1850,3700,6,25,16,17,11
1851,3702,5,24,16,15,11
1852,3704,5,24,14,19,11
1853,3706,4,22,12,17,10
1854,3708,5,24,13,17,12
1855,3710,5,23,11,15,11
1856,3712,5,23,10,12,10
1857,3714,7,27,10,11,9
1858,3716,8,26,9,11,9
1859,3718,8,25,7,10,8
1860,3720,7,25,7,9,8
1861,3722,6,24,7,8,7
1862,3724,5,32,6,7,6
1863,3726,6,31,8,10,10
1864,3728,5,30,8,8,9
1865,3730,5,28,7,7,8
1866,3732,4,27,6,7,8
1867,3734,4,26,5,7,8
1868,3736,3,25,12,6,7
1869,3738,3,24,10,19,7
1870,3740,4,24,9,16,6
1871,3742,6,24,9,13,6
1872,3744,6,24,11,14,9
1873,3746,5,24,9,12,7
1874,3748,4,24,8,11,8
1875,3750,4,23,7,10,20
1876,3752,3,23,7,9,18
1877,3754,3,23,6,8,15
1878,3756,3,22,6,8,13
1879,3758,4,23,5,7,12
1880,3760,4,22,4,6,11
1881,3762,5,24,7,8,13
1882,3764,4,23,7,7,11
1883,3766,4,23,6,5,18
1884,3768,3,22,5,6,15
1885,3770,3,21,5,5,14
1886,3772,3,22,4,5,12
1887,3774,3,22,4,5,14
1888,3776,3,22,4,5,12
1889,3778,3,22,4,5,10
1890,3780,3,23,7,7,16
1891,3782,3,23,7,7,15
1892,3784,3,23,6,19,12
1893,3786,3,22,6,17,10
1894,3788,3,22,6,14,9
1895,3790,3,22,6,13,8
1896,3792,3,22,5,12,8
1897,3794,3,23,15,11,7
1898,3796,3,22,14,10,21
1899,3798,5,24,20,11,20
1900,3800,4,25,18,10,18
1901,3802,8,24,15,9,15
1902,3804,7,25,14,8,13
1903,3806,10,24,12,13,11
1904,3808,9,23,10,12,9
1905,3810,8,23,8,10,9
1906,3812,6,23,8,9,11
1907,3814,6,23,7,9,9
1908,3816,6,33,9,11,12
1909,3818,6,31,8,10,11
1910,3820,5,29,21,9,11
1911,3822,5,28,17,8,10
1912,3824,4,27,15,7,10
1913,3826,4,26,25,7,9
1914,3828,4,25,22,6,8
1915,3830,4,24,19,7,7
1916,3832,4,23,16,7,7
1917,3834,5,25,17,8,9
1918,3836,4,25,14,8,13
1919,3838,4,25,12,7,18
1920,3840,3,24,12,14,15
1921,3842,3,24,11,12,13
1922,3844,3,28,9,11,11
1923,3846,3,27,8,22,10
1924,3848,3,27,7,20,21
1925,3850,3,26,7,17,18
1926,3852,4,27,10,18,18
1927,3854,5,31,9,15,29
1928,3856,4,30,8,15,26
1929,3858,4,29,8,13,21
1930,3860,9,28,7,12,18
1931,3862,8,27,20,10,15
1932,3864,7,26,17,9,13
1933,3866,6,25,15,8,11
1934,3868,6,25,14,7,9
1935,3870,6,26,16,10,11
1936,3872,5,25,14,8,11
1937,3874,5,24,11,8,10
1938,3876,4,24,10,7,10
1939,3878,4,23,10,6,10
1940,3880,4,23,9,6,9
1941,3882,4,23,16,6,8
1942,3884,4,23,15,5,7
1943,3886,4,23,13,5,7
1944,3888,5,26,14,7,8
1945,3890,4,26,13,6,7
1946,3892,4,25,10,5,7
1947,3894,3,25,9,4,6
1948,3896,3,25,8,7,6
1949,3898,3,24,8,6,5
1950,3900,3,24,7,5,5
1951,3902,2,24,6,4,4
1952,3904,2,24,5,4,4
1953,3906,4,25,8,6,7
1954,3908,3,24,7,5,6
1955,3910,3,23,7,6,6
1956,3912,3,24,6,5,5
1957,3914,3,29,7,5,5
1958,3916,3,27,7,5,4
1959,3918,3,26,19,6,4
1960,3920,3,32,16,5,5
1961,3922,3,30,14,11,5
1962,3924,4,30,15,14,6
1963,3926,4,28,14,12,7
1964,3928,4,27,12,10,6
1965,3930,3,26,10,9,6
1966,3932,3,26,8,19,9
1967,3934,4,26,8,17,7
1968,3936,4,24,7,14,7
1969,3938,4,24,6,13,7
1970,3940,3,24,7,11,7
1971,3942,4,25,7,13,23
1972,3944,3,25,7,10,20
1973,3946,3,24,7,9,17
1974,3948,4,23,6,9,15
1975,3950,4,23,7,7,14
1976,3952,4,23,6,7,12
1977,3954,4,23,6,7,11
1978,3956,3,23,5,7,11
1979,3958,3,23,4,7,10
1980,3960,4,25,7,12,12
1981,3962,4,24,6,10,11
1982,3964,3,23,7,9,10
1983,3966,3,23,7,8,8
1984,3968,3,23,6,12,13
1985,3970,3,23,5,11,11
1986,3972,5,24,6,10,9
1987,3974,4,24,6,12,9
1988,3976,4,24,6,11,9
1989,3978,5,26,8,13,11
1990,3980,5,26,7,12,9
1991,3982,9,25,6,12,7
1992,3984,7,24,6,10,7
1993,3986,6,24,5,9,7
1994,3988,6,24,10,7,6
1995,3990,5,23,13,7,5
1996,3992,5,23,11,7,4
1997,3994,4,23,10,8,4
1998,3996,5,24,17,10,10
1999,3998,4,24,13,9,12
2000,4000,4,24,12,8,9
2001,4002,4,23,11,10,9
2002,4004,3,23,9,8,8
2003,4006,3,23,8,7,8
2004,4008,3,23,14,7,6
2005,4010,5,23,11,6,8
2006,4012,4,23,10,5,7
2007,4014,6,24,13,8,10
2008,4016,5,24,11,7,10
2009,4018,5,24,10,6,9
2010,4020,4,23,9,7,7
2011,4022,4,23,8,10,13
2012,4024,4,23,7,10,11
2013,4026,3,23,6,9,10
2014,4028,3,25,5,8,8
2015,4030,3,24,5,8,7
2016,4032,4,26,9,9,9
2017,4034,4,25,8,8,9
2018,4036,4,24,8,8,8
2019,4038,3,25,8,7,9
2020,4040,3,25,8,7,8
2021,4042,3,24,21,8,7
2022,4044,3,24,27,7,6
2023,4046,3,30,23,7,6
2024,4048,3,28,20,18,6
2025,4050,4,29,19,17,8
2026,4052,4,28,16,14,8
2027,4054,4,28,14,12,7
2028,4056,4,26,13,12,6
2029,4058,6,31,12,11,7
2030,4060,6,30,11,10,20
2031,4062,6,28,9,10,17
2032,4064,5,27,8,8,15
2033,4066,4,27,8,8,13
2034,4068,5,27,9,11,14
2035,4070,5,27,7,10,13
2036,4072,4,26,7,10,12
2037,4074,7,25,6,8,11
2038,4076,6,25,6,7,9
2039,4078,5,25,5,6,10
2040,4080,5,25,9,6,8
2041,4082,4,25,7,5,7
2042,4084,4,24,6,5,7
2043,4086,5,25,9,9,9
2044,4088,5,25,8,8,8
2045,4090,4,25,7,7,21
2046,4092,4,24,7,7,18
2047,4094,4,24,6,7,15
2048,4096,4,24,5,6,12
2049,4098,4,23,4,6,12
2050,4100,3,24,3,7,23
2051,4102,3,23,5,7,20
2052,4104,5,25,8,9,19
2053,4106,4,25,7,8,28
2054,4108,4,26,6,8,33
2055,4110,7,25,6,8,28
2056,4112,6,25,6,7,34
2057,4114,5,25,5,6,29
2058,4116,4,25,4,7,27
2059,4118,4,25,5,7,24
2060,4120,4,24,5,7,19
2061,4122,5,26,8,9,19
2062,4124,10,25,20,7,16
2063,4126,9,25,17,7,14
2064,4128,7,25,15,6,11
2065,4130,6,24,13,5,8
2066,4132,6,24,11,18,8
2067,4134,5,24,9,16,7
2068,4136,5,24,13,13,8
2069,4138,5,24,12,10,7
2070,4140,6,26,14,12,10
2071,4142,5,25,11,11,8
2072,4144,5,24,10,10,8
2073,4146,4,24,10,9,7
2074,4148,4,24,11,8,7
2075,4150,4,24,10,6,7
2076,4152,4,23,10,6,6
2077,4154,5,24,10,5,6
2078,4156,5,25,9,4,5
2079,4158,6,26,11,8,8
2080,4160,5,26,9,8,10
2081,4162,5,26,8,7,9
2082,4164,4,25,7,6,7
2083,4166,4,24,6,8,6
2084,4168,4,24,5,6,5
2085,4170,3,24,5,6,6
2086,4172,3,24,5,5,5
2087,4174,3,24,5,5,5
2088,4176,4,26,6,8,8
2089,4178,4,25,7,8,8
2090,4180,4,25,5,8,20
2091,4182,5,25,5,7,18
2092,4184,5,28,5,6,16
2093,4186,5,28,5,6,14
2094,4188,4,27,15,6,12
2095,4190,4,27,19,6,11
2096,4192,4,27,16,5,8
2097,4194,5,28,17,8,10
2098,4196,6,28,15,17,9
2099,4198,6,30,13,13,8
2100,4200,5,29,11,11,7
2101,4202,5,33,10,10,6
2102,4204,5,31,10,10,5
2103,4206,5,30,10,9,5
2104,4208,5,29,9,8,4
2105,4210,4,28,8,8,9
2106,4212,5,29,16,10,11
2107,4214,5,28,14,13,11
2108,4216,4,28,13,13,22
2109,4218,4,27,12,11,19
2110,4220,4,32,10,10,18
2111,4222,4,30,15,9,16
2112,4224,4,30,13,9,14
2113,4226,3,29,12,7,11
2114,4228,3,28,10,6,10
2115,4230,4,30,12,9,12
2116,4232,4,28,10,9,12
2117,4234,4,27,9,9,11
2118,4236,3,27,9,8,9
2119,4238,3,26,9,7,7
2120,4240,8,26,8,7,6
2121,4242,7,26,8,10,5
2122,4244,6,26,9,8,6
2123,4246,6,25,8,8,7
2124,4248,6,27,10,10,16
2125,4250,5,27,8,8,13
2126,4252,5,27,7,8,12
2127,4254,5,25,7,8,10
2128,4256,4,25,6,7,11
2129,4258,4,24,7,6,10
2130,4260,4,24,6,10,9
2131,4262,3,25,18,9,9
2132,4264,3,25,16,9,8
2133,4266,4,26,24,11,10
2134,4268,4,26,21,10,9
2135,4270,4,26,18,8,8
2136,4272,3,26,16,8,8
2137,4274,3,27,14,8,7
2138,4276,3,26,12,8,7
2139,4278,3,25,9,8,6
2140,4280,3,26,9,13,5
2141,4282,3,25,9,12,6
2142,4284,4,30,9,13,10
2143,4286,4,29,9,12,8
2144,4288,4,28,8,10,9
2145,4290,5,27,6,9,8
2146,4292,5,26,5,9,7
2147,4294,4,26,4,7,6
2148,4296,6,26,4,7,6
2149,4298,5,26,6,8,6
2150,4300,6,30,5,8,6
2151,4302,7,31,8,10,9
2152,4304,6,29,7,10,8
2153,4306,6,28,5,9,7
2154,4308,5,27,4,8,17
2155,4310,8,27,5,14,15
2156,4312,11,26,4,12,13
2157,4314,10,26,4,9,11
2158,4316,8,26,4,22,10
2159,4318,7,26,4,19,8
2160,4320,7,27,7,19,14
2161,4322,6,27,6,17,12
2162,4324,5,27,5,16,10
2163,4326,5,26,8,13,9
2164,4328,4,26,7,12,20
2165,4330,4,26,7,11,17
2166,4332,4,26,7,9,14
2167,4334,4,26,5,7,13
2168,4336,4,26,5,7,12
2169,4338,5,27,8,10,27
2170,4340,5,27,8,9,23
2171,4342,4,26,7,8,19
2172,4344,3,26,7,7,15
2173,4346,3,26,6,9,16
2174,4348,3,29,6,8,14
2175,4350,3,27,5,8,12
2176,4352,6,27,13,7,10
2177,4354,5,26,12,13,10
2178,4356,6,27,20,13,12
2179,4358,5,27,16,12,10
2180,4360,5,27,15,11,10
2181,4362,9,28,13,10,9
2182,4364,8,28,10,10,10
2183,4366,7,28,10,8,8
2184,4368,6,27,8,6,7
2185,4370,5,26,7,6,6
2186,4372,5,26,10,10,5
2187,4374,5,28,14,12,8
2188,4376,5,27,11,14,7
2189,4378,5,27,10,13,6
2190,4380,4,30,8,12,5
2191,4382,4,29,7,10,10
2192,4384,4,29,6,9,9
2193,4386,3,28,7,9,8
2194,4388,3,28,7,7,17
2195,4390,3,27,6,7,15
2196,4392,4,28,7,10,15
2197,4394,4,28,7,10,14
2198,4396,4,27,6,9,12
2199,4398,7,27,6,20,10
2200,4400,6,27,6,17,9
2201,4402,6,26,7,15,8
2202,4404,5,26,6,14,7
2203,4406,5,26,6,12,6
2204,4408,5,26,7,11,7
2205,4410,5,28,12,13,9
2206,4412,5,27,23,11,7
2207,4414,5,26,20,10,6
2208,4416,4,26,16,9,7
2209,4418,4,26,14,8,6
2210,4420,3,26,13,7,7
2211,4422,3,25,12,7,6
2212,4424,3,26,11,6,7
2213,4426,3,33,10,6,6
2214,4428,4,35,11,8,8
2215,4430,4,33,10,7,7
2216,4432,4,32,16,7,7
2217,4434,6,31,13,5,5
2218,4436,5,29,11,5,5
2219,4438,4,28,11,5,5
2220,4440,4,28,10,4,5
2221,4442,4,27,8,4,18
2222,4444,4,35,8,4,16
2223,4446,5,35,10,7,16
2224,4448,4,41,9,6,14
2225,4450,4,38,7,6,12
2226,4452,3,36,7,6,23
2227,4454,3,33,6,5,20
2228,4456,3,33,6,4,17
2229,4458,3,32,6,4,15
2230,4460,3,30,5,4,12
2231,4462,6,29,5,4,10
2232,4464,7,30,18,7,12
2233,4466,6,29,15,5,10
2234,4468,5,28,13,6,9
2235,4470,5,27,11,6,7
2236,4472,4,27,10,5,6
2237,4474,4,27,8,6,6
2238,4476,3,26,8,6,6
2239,4478,3,27,8,5,5
2240,4480,3,27,7,5,5
2241,4482,4,29,9,9,8
2242,4484,4,33,8,8,8
2243,4486,4,31,6,7,13
2244,4488,4,34,6,6,11
2245,4490,3,32,6,5,9
2246,4492,3,31,5,5,8
2247,4494,3,30,5,5,7
2248,4496,3,28,6,6,7
2249,4498,3,27,6,6,7
2250,4500,4,30,9,9,9
2251,4502,4,28,9,8,9
2252,4504,4,28,7,7,8
2253,4506,3,28,6,6,8
2254,4508,8,27,6,11,7
2255,4510,7,30,6,8,9
2256,4512,6,29,5,8,8
2257,4514,5,29,6,7,7
2258,4516,5,28,5,6,7
2259,4518,5,37,8,9,9
2260,4520,5,35,7,7,7
2261,4522,9,33,7,7,17
2262,4524,8,31,5,14,14
2263,4526,7,31,5,13,12
2264,4528,6,30,5,11,11
2265,4530,5,29,4,10,11
2266,4532,5,29,4,9,11
2267,4534,7,28,4,11,10
2268,4536,7,30,6,13,12
2269,4538,6,29,5,11,10
2270,4540,5,29,6,10,9
2271,4542,5,28,16,8,8
2272,4544,4,27,14,7,17
2273,4546,4,27,11,7,15
2274,4548,4,27,10,6,13
2275,4550,4,27,9,5,11
2276,4552,3,27,7,7,9
2277,4554,4,28,9,8,11
2278,4556,8,27,8,8,10
2279,4558,7,27,11,6,22
2280,4560,7,27,9,6,19
2281,4562,8,27,21,11,17
2282,4564,7,28,18,9,15
2283,4566,6,27,15,9,14
2284,4568,5,27,13,7,11
2285,4570,5,26,12,6,23
2286,4572,6,28,14,9,22
2287,4574,5,28,13,8,20
2288,4576,5,27,11,8,18
2289,4578,5,27,13,7,15
2290,4580,4,28,12,6,13
2291,4582,4,27,10,5,18
2292,4584,4,27,9,5,16
2293,4586,4,27,8,5,14
2294,4588,4,27,10,6,11
2295,4590,4,29,12,10,12
2296,4592,4,28,11,9,10
2297,4594,3,27,10,8,8
2298,4596,4,26,14,8,8
2299,4598,4,26,12,15,8
2300,4600,3,26,10,13,21
2301,4602,8,26,10,12,17
2302,4604,7,26,9,10,15
2303,4606,6,27,8,10,15
2304,4608,7,28,9,12,15
2305,4610,6,27,8,11,12
2306,4612,5,27,8,10,11
2307,4614,4,27,8,15,11
2308,4616,4,27,8,13,10
2309,4618,4,26,7,12,8
2310,4620,4,26,7,15,7
2311,4622,3,26,6,14,6
2312,4624,3,26,6,13,7
2313,4626,4,33,8,15,9
2314,4628,4,32,7,13,8
2315,4630,4,30,7,12,7
2316,4632,3,30,20,11,7
2317,4634,4,29,17,10,6
2318,4636,4,29,17,9,6
2319,4638,4,28,15,8,4
2320,4640,3,28,13,7,5
2321,4642,3,27,11,6,5
2322,4644,4,29,13,9,8
2323,4646,5,29,13,8,8
2324,4648,5,29,12,8,7
2325,4650,4,28,12,7,7
2326,4652,4,28,10,7,6
2327,4654,4,27,9,5,6
2328,4656,3,27,8,5,6
2329,4658,3,27,8,5,6
2330,4660,3,28,7,5,12
2331,4662,4,29,9,8,14
2332,4664,4,29,10,7,13
2333,4666,4,29,9,7,12
2334,4668,3,36,10,15,11
2335,4670,3,34,9,20,10
2336,4672,4,33,9,18,10
2337,4674,3,32,10,16,9
2338,4676,4,36,9,14,9
2339,4678,4,34,16,13,8
2340,4680,5,35,17,14,9
2341,4682,5,33,24,12,8
2342,4684,4,32,20,11,7
2343,4686,4,31,17,10,6
2344,4688,4,31,14,21,6
2345,4690,4,30,13,17,6
2346,4692,3,29,11,15,9
2347,4694,3,29,10,12,8
2348,4696,3,31,9,11,7
2349,4698,4,32,11,12,9
2350,4700,3,33,10,11,8
2351,4702,3,31,9,10,8
2352,4704,4,31,7,9,6
2353,4706,4,31,7,8,6
2354,4708,4,30,6,8,6
2355,4710,4,28,6,7,5
2356,4712,4,28,5,6,4
2357,4714,4,28,7,6,5
2358,4716,5,29,10,10,7
2359,4718,4,29,8,8,7
2360,4720,4,28,8,7,6
2361,4722,3,28,7,7,10
2362,4724,3,28,7,6,8
2363,4726,3,28,5,11,7
2364,4728,3,28,5,10,7
2365,4730,4,28,5,9,5
2366,4732,3,28,6,8,6
2367,4734,4,30,9,10,9
2368,4736,4,29,9,9,8
2369,4738,4,28,12,9,9
2370,4740,4,28,25,9,9
2371,4742,3,27,20,21,9
2372,4744,4,28,23,18,9
2373,4746,3,28,20,15,8
2374,4748,8,28,18,12,7
2375,4750,7,28,15,11,8
2376,4752,8,30,16,12,11
2377,4754,6,29,13,10,10
2378,4756,6,33,12,10,9
2379,4758,6,32,10,9,8
2380,4760,5,38,9,8,8
2381,4762,4,36,8,8,7
2382,4764,4,34,7,8,7
2383,4766,4,33,7,7,13
2384,4768,4,32,6,6,11
2385,4770,4,32,9,9,13
2386,4772,4,31,8,8,11
2387,4774,4,30,7,21,9
2388,4776,4,29,6,24,8
2389,4778,4,29,5,21,8
2390,4780,3,29,5,18,7
2391,4782,3,28,5,16,7
2392,4784,3,27,17,22,6
2393,4786,3,31,15,18,7
2394,4788,4,32,16,18,10
2395,4790,3,31,13,16,8
2396,4792,3,30,12,15,7
2397,4794,3,30,9,13,7
2398,4796,3,30,8,13,6
2399,4798,3,29,7,12,6
2400,4800,5,29,7,11,6
2401,4802,5,29,7,11,5
2402,4804,4,29,7,10,6
2403,4806,5,31,9,11,8
2404,4808,5,30,8,10,6
2405,4810,5,30,8,9,6
2406,4812,4,29,8,8,6
2407,4814,8,29,7,7,6
2408,4816,7,28,6,7,6
2409,4818,6,29,5,19,6
2410,4820,6,28,6,16,6
2411,4822,5,28,7,14,5
2412,4824,10,29,11,16,8
2413,4826,8,29,10,14,7
2414,4828,7,29,9,12,8
2415,4830,7,28,8,11,7
2416,4832,6,29,13,10,7
2417,4834,8,29,12,9,6
2418,4836,7,29,14,8,6
2419,4838,6,31,11,7,5
2420,4840,5,30,10,6,5
2421,4842,6,32,11,8,7
2422,4844,5,31,10,8,6
2423,4846,5,31,10,8,7
2424,4848,4,30,8,8,6
2425,4850,6,29,11,8,6
2426,4852,5,29,10,7,5
2427,4854,5,29,10,18,4
2428,4856,5,35,9,14,5
2429,4858,4,33,8,13,5
2430,4860,5,34,10,28,8
2431,4862,5,32,9,23,19
2432,4864,5,31,9,19,17
2433,4866,4,30,8,17,17
2434,4868,4,30,7,14,15
2435,4870,4,29,11,12,13
2436,4872,4,29,10,12,11
2437,4874,3,29,10,10,10
2438,4876,3,29,8,9,9
2439,4878,4,30,11,12,11
2440,4880,4,29,10,11,10
2441,4882,4,29,9,10,19
2442,4884,3,29,8,9,30
2443,4886,3,29,7,8,26
2444,4888,3,28,6,7,22
2445,4890,3,28,6,6,19
2446,4892,3,28,6,6,16
2447,4894,2,27,5,13,14
2448,4896,4,29,7,14,14
2449,4898,4,29,7,13,12
2450,4900,4,28,6,25,10
2451,4902,3,28,6,21,10
2452,4904,3,28,5,18,8
2453,4906,3,28,6,15,8
2454,4908,3,28,6,14,7
2455,4910,3,28,6,13,18
2456,4912,3,28,6,10,14
2457,4914,4,30,8,11,15
2458,4916,4,30,7,9,13
2459,4918,3,29,6,9,12
2460,4920,4,29,6,8,11
2461,4922,3,29,6,8,10
2462,4924,3,29,6,7,8
2463,4926,3,28,13,13,9
2464,4928,3,29,11,12,7
2465,4930,3,28,9,11,6
2466,4932,4,30,11,13,9
2467,4934,3,30,23,11,8
2468,4936,3,29,19,9,12
2469,4938,6,29,15,8,11
2470,4940,5,28,13,7,10
2471,4942,5,28,12,6,9
2472,4944,4,28,11,13,8
2473,4946,4,28,10,11,8
2474,4948,4,28,10,20,8
2475,4950,5,29,12,21,13
2476,4952,5,29,10,17,11
2477,4954,4,29,9,15,9
2478,4956,4,28,13,14,8
2479,4958,4,29,11,11,7
2480,4960,3,28,11,10,7
2481,4962,3,27,10,8,7
2482,4964,3,27,7,8,7
2483,4966,3,27,6,10,8
2484,4968,4,29,8,12,23
2485,4970,4,30,9,11,21
2486,4972,4,29,8,9,18
2487,4974,4,29,7,8,15
2488,4976,4,29,6,7,13
2489,4978,7,29,5,7,16
2490,4980,6,29,5,6,26
2491,4982,6,28,4,7,36
2492,4984,6,29,5,7,30
2493,4986,6,30,8,9,28
2494,4988,6,30,7,8,24
2495,4990,5,29,6,7,21
2496,4992,5,29,6,7,17
2497,4994,4,29,5,6,16
2498,4996,4,29,10,6,25
2499,4998,4,34,9,5,22
2500,5000,3,34,22,5,19
2501,5002,4,33,19,5,16
2502,5004,5,34,18,8,16
2503,5006,4,33,15,7,20
2504,5008,4,35,14,6,17
2505,5010,4,41,13,5,14
2506,5012,4,38,11,4,13
2507,5014,4,37,9,4,12
2508,5016,3,35,7,4,10
2509,5018,3,32,6,4,9
2510,5020,3,36,4,3,14
2511,5022,4,35,7,6,14
2512,5024,4,34,20,5,12
2513,5026,4,34,17,5,11
2514,5028,5,33,15,6,16
2515,5030,5,32,13,5,14
2516,5032,5,31,11,5,12
2517,5034,4,30,9,4,12
2518,5036,4,30,9,4,10
2519,5038,3,29,7,4,9
2520,5040,4,31,9,7,11
2521,5042,3,31,9,8,11
2522,5044,3,30,8,8,9
2523,5046,3,30,7,6,9
2524,5048,6,30,7,18,8
2525,5050,5,29,5,14,7
2526,5052,4,28,5,13,6
2527,5054,7,33,4,12,5
2528,5056,7,32,4,11,5
2529,5058,7,32,7,13,7
2530,5060,6,32,13,12,7
2531,5062,7,31,10,11,6
2532,5064,9,30,9,10,5
2533,5066,8,29,8,9,5
2534,5068,10,29,7,9,6
2535,5070,9,29,7,8,6
2536,5072,7,29,11,7,6
2537,5074,6,29,11,6,6
2538,5076,6,30,14,8,7
2539,5078,6,30,12,8,6
2540,5080,5,30,11,10,5
2541,5082,6,30,10,8,15
2542,5084,5,32,9,9,15
2543,5086,4,32,9,8,13
2544,5088,4,33,9,8,10
2545,5090,4,33,8,12,9
2546,5092,3,32,8,10,9
2547,5094,4,33,11,13,11
2548,5096,4,32,9,12,10
2549,5098,4,31,7,10,9
2550,5100,4,31,7,9,7
2551,5102,4,30,20,8,7
2552,5104,4,29,17,7,7
2553,5106,3,29,15,6,7
2554,5108,3,29,13,5,7
2555,5110,3,28,12,5,9
2556,5112,5,30,14,7,10
2557,5114,4,29,12,7,9
2558,5116,7,29,10,6,10
2559,5118,7,28,9,6,9
2560,5120,6,28,22,5,8
2561,5122,5,28,19,6,7
2562,5124,5,29,16,6,6
2563,5126,4,29,14,5,18
2564,5128,3,28,12,6,15
2565,5130,4,30,14,14,23
2566,5132,4,30,12,13,21
2567,5134,6,30,10,11,17
2568,5136,5,30,9,9,26
2569,5138,6,29,9,21,21
2570,5140,6,33,7,17,18
2571,5142,5,32,7,15,17
2572,5144,5,30,6,13,15
2573,5146,4,30,6,11,12
2574,5148,6,31,8,12,13
2575,5150,5,31,7,11,11
2576,5152,5,30,6,9,11
2577,5154,4,30,5,8,18
2578,5156,4,30,5,20,22
2579,5158,4,30,5,17,18
2580,5160,5,30,5,15,15
2581,5162,4,29,5,14,13
2582,5164,4,29,4,12,11
2583,5166,5,30,7,12,13
2584,5168,5,31,6,11,25
2585,5170,9,31,7,23,21
2586,5172,8,31,6,19,19
2587,5174,6,31,6,22,17
2588,5176,5,31,9,18,15
2589,5178,5,33,9,15,13
2590,5180,4,32,9,13,11
2591,5182,4,31,8,10,10
2592,5184,7,32,10,12,12
2593,5186,7,31,9,11,10
2594,5188,6,31,6,10,10
2595,5190,5,31,6,8,9
2596,5192,4,31,6,7,8
2597,5194,4,33,5,7,8
2598,5196,4,32,5,6,7
2599,5198,4,31,5,7,7
2600,5200,3,31,5,6,6
2601,5202,5,32,8,9,7
2602,5204,4,32,6,8,7
2603,5206,4,32,6,8,6
2604,5208,3,31,6,8,6
2605,5210,3,31,6,8,6
2606,5212,4,30,6,6,5
2607,5214,3,33,6,6,5
2608,5216,3,32,17,6,5
2609,5218,3,32,16,6,4
2610,5220,4,33,16,9,7
2611,5222,3,32,15,9,6
2612,5224,3,32,13,7,6
2613,5226,3,32,12,7,5
2614,5228,3,32,10,6,4
2615,5230,2,31,10,6,5
2616,5232,3,31,10,6,4
2617,5234,3,31,9,6,4
2618,5236,3,30,8,6,15
2619,5238,8,32,11,8,16
2620,5240,7,32,10,9,14
2621,5242,6,31,10,6,12
2622,5244,6,31,9,6,11
2623,5246,5,30,8,6,10
2624,5248,7,30,7,6,9
2625,5250,6,30,7,6,9
2626,5252,6,30,7,6,14
2627,5254,5,38,7,6,14
2628,5256,5,39,9,9,14
2629,5258,5,38,10,8,13
2630,5260,4,36,9,6,11
2631,5262,5,35,8,5,10
2632,5264,5,33,8,6,9
2633,5266,5,33,7,6,8
2634,5268,4,32,7,6,12
2635,5270,4,32,7,6,10
2636,5272,4,34,6,6,9
2637,5274,4,43,9,15,11
2638,5276,4,41,8,14,9
2639,5278,4,39,8,15,16
2640,5280,4,37,7,13,14
2641,5282,4,35,7,11,11
2642,5284,4,34,7,11,20
2643,5286,4,37,6,9,17
2644,5288,4,36,6,7,16
2645,5290,4,38,6,7,14
2646,5292,4,39,8,9,14
2647,5294,4,37,6,8,12
2648,5296,4,35,7,7,11
2649,5298,3,34,6,7,10
2650,5300,3,33,6,11,9
2651,5302,3,32,5,10,8
2652,5304,3,32,5,8,7
2653,5306,3,31,4,7,7
2654,5308,3,31,4,7,8
2655,5310,4,32,7,9,11
2656,5312,4,31,8,8,8
2657,5314,4,31,8,7,8
2658,5316,3,31,7,7,6
2659,5318,4,30,5,6,5
2660,5320,4,29,6,6,5
2661,5322,4,29,10,6,4
2662,5324,3,30,9,5,4
2663,5326,3,30,9,7,3
2664,5328,4,31,11,9,7
2665,5330,4,31,10,8,7
2666,5332,4,30,10,8,6
2667,5334,4,31,8,8,6
2668,5336,4,31,8,6,6
2669,5338,6,30,8,7,6
2670,5340,5,31,6,12,6
2671,5342,5,31,20,11,5
2672,5344,4,30,18,10,4
2673,5346,5,32,18,12,6
2674,5348,5,32,15,10,5
2675,5350,5,33,14,9,4
2676,5352,4,31,11,9,17
2677,5354,4,31,10,7,15
2678,5356,4,30,7,8,14
2679,5358,3,30,8,7,12
2680,5360,3,30,7,7,9
2681,5362,3,29,7,7,9
2682,5364,4,31,13,9,10
2683,5366,4,30,11,9,9
2684,5368,3,30,10,8,8
2685,5370,3,30,9,8,8
2686,5372,3,30,8,7,7
2687,5374,3,30,7,6,7
2688,5376,3,29,7,6,7
2689,5378,3,29,6,6,7
2690,5380,3,28,6,5,6
2691,5382,3,31,22,8,9
2692,5384,3,31,19,7,8
2693,5386,3,31,16,8,8
2694,5388,2,31,14,8,15
2695,5390,2,31,12,7,13
2696,5392,3,31,10,7,13
2697,5394,2,31,9,6,11
2698,5396,2,31,9,7,9
2699,5398,2,30,9,7,22
2700,5400,4,33,10,10,21
2701,5402,3,32,23,9,18
2702,5404,4,32,20,8,20
2703,5406,4,32,17,7,17
2704,5408,3,40,14,6,15
2705,5410,4,37,13,8,12
2706,5412,3,35,11,7,24
2707,5414,3,34,11,5,20
2708,5416,3,34,10,5,17
2709,5418,4,34,15,8,18
2710,5420,4,33,12,7,15
2711,5422,4,32,12,7,14
2712,5424,4,32,11,6,12
2713,5426,3,31,11,7,10
2714,5428,3,31,10,7,9
2715,5430,3,31,8,7,7
2716,5432,3,31,7,7,7
2717,5434,3,31,6,7,14
2718,5436,3,33,9,9,15
2719,5438,3,32,8,8,14
2720,5440,3,31,7,7,22
2721,5442,3,31,7,8,21
2722,5444,3,31,6,8,18
2723,5446,3,39,6,7,16
2724,5448,3,37,5,6,13
2725,5450,4,36,4,7,12
2726,5452,4,35,5,11,10
2727,5454,5,36,9,14,11
2728,5456,4,35,7,13,9
2729,5458,4,34,6,16,9
2730,5460,3,33,5,14,9
2731,5462,3,32,6,12,8
2732,5464,3,32,5,11,7
2733,5466,3,32,5,15,7
2734,5468,3,32,4,12,8
2735,5470,4,31,3,11,8
2736,5472,5,38,15,13,10
2737,5474,5,37,13,23,10
2738,5476,9,35,12,19,9
2739,5478,7,34,13,18,9
2740,5480,6,33,10,15,8
2741,5482,6,33,12,14,7
2742,5484,5,32,11,11,7
2743,5486,4,31,10,10,15
2744,5488,4,31,8,8,13
2745,5490,4,33,11,10,15
2746,5492,4,32,10,10,12
2747,5494,4,32,8,8,11
2748,5496,4,32,8,7,10
2749,5498,4,32,8,7,9
2750,5500,4,33,7,7,9
2751,5502,4,33,8,6,22
2752,5504,3,32,6,6,19
2753,5506,3,32,6,4,17
2754,5508,4,34,8,6,17
2755,5510,4,34,8,6,15
2756,5512,4,32,7,6,12
2757,5514,4,33,6,18,15
2758,5516,4,33,6,15,12
2759,5518,3,33,6,13,10
2760,5520,3,32,18,25,9
2761,5522,3,31,15,21,8
2762,5524,3,32,12,17,8
2763,5526,4,33,14,18,11
2764,5528,5,32,12,21,10
2765,5530,4,32,11,26,9
2766,5532,4,32,10,23,8
2767,5534,3,32,9,19,7
2768,5536,3,31,8,16,7
2769,5538,3,31,8,14,7
2770,5540,3,30,8,12,6
2771,5542,3,31,8,11,6
2772,5544,4,33,10,12,8
2773,5546,4,33,9,11,7
2774,5548,4,32,8,10,5
2775,5550,3,32,7,10,4
2776,5552,3,32,5,9,3
2777,5554,3,32,5,8,4
2778,5556,3,32,6,7,18
2779,5558,3,33,6,5,16
2780,5560,3,32,5,5,17
2781,5562,6,34,7,8,18
2782,5564,5,41,6,7,15
2783,5566,5,47,5,6,14
2784,5568,5,44,6,6,12
2785,5570,4,41,5,5,12
2786,5572,4,39,6,6,9
2787,5574,4,38,5,5,8
2788,5576,4,36,5,5,8
2789,5578,4,34,12,5,7
2790,5580,5,36,14,7,10
2791,5582,5,35,12,14,8
2792,5584,4,34,11,13,7
2793,5586,4,33,10,11,7
2794,5588,4,33,10,10,7
2795,5590,4,32,9,9,6
2796,5592,4,32,8,8,6
2797,5594,3,32,8,7,5
2798,5596,3,31,8,8,6
2799,5598,4,33,11,10,9
2800,5600,4,32,10,9,8
2801,5602,8,32,12,21,7
2802,5604,7,31,11,18,7
2803,5606,7,31,10,15,7
2804,5608,6,32,10,13,6
2805,5610,5,32,11,26,17
2806,5612,5,32,10,21,15
2807,5614,5,33,9,19,13
2808,5616,5,34,12,18,14
2809,5618,4,33,10,15,12
2810,5620,4,32,9,13,10
2811,5622,4,32,8,10,8
2812,5624,4,32,8,10,7
2813,5626,3,32,20,8,14
2814,5628,3,38,17,17,13
2815,5630,3,37,15,15,11
2816,5632,3,36,12,14,9
2817,5634,4,37,14,16,11
2818,5636,4,36,13,14,9
2819,5638,7,35,11,12,7
2820,5640,6,35,10,11,6
2821,5642,6,36,9,9,6
2822,5644,5,36,9,8,5
2823,5646,4,38,7,17,5
2824,5648,4,37,7,15,5
2825,5650,4,36,7,12,5
2826,5652,5,37,9,13,8
2827,5654,5,36,8,12,6
2828,5656,4,36,9,10,6
2829,5658,4,34,8,9,7
2830,5660,4,34,12,8,6
2831,5662,4,34,10,7,6
2832,5664,3,33,10,6,5
2833,5666,3,33,9,6,6
2834,5668,3,33,16,6,6
2835,5670,4,38,15,9,9
2836,5672,3,37,12,11,8
2837,5674,3,35,14,9,21
2838,5676,3,35,12,8,19
2839,5678,3,34,10,7,16
2840,5680,8,34,9,8,13
2841,5682,10,33,9,12,12
2842,5684,9,32,8,11,11
2843,5686,7,32,7,8,10
2844,5688,7,33,10,11,12
2845,5690,6,33,10,10,11
2846,5692,6,33,16,9,10
2847,5694,5,33,16,8,9
2848,5696,5,32,14,9,8
2849,5698,4,32,12,9,7
2850,5700,4,32,11,8,7
2851,5702,4,32,11,8,7
2852,5704,3,32,9,7,7
2853,5706,4,34,12,9,9
2854,5708,4,33,11,8,9
2855,5710,4,33,10,8,8
2856,5712,3,33,14,9,8
2857,5714,3,39,13,8,7
2858,5716,3,37,11,8,6
2859,5718,3,36,10,8,6
2860,5720,3,36,9,8,18
2861,5722,3,35,8,8,17
2862,5724,6,36,11,11,18
2863,5726,8,35,15,10,15
2864,5728,7,34,25,8,13
2865,5730,6,34,29,7,22
2866,5732,5,34,23,7,19
2867,5734,5,33,19,7,17
2868,5736,5,33,15,6,14
2869,5738,5,33,14,5,12
2870,5740,4,33,23,5,10
2871,5742,5,34,22,8,13
2872,5744,5,33,19,8,12
2873,5746,5,33,17,8,11
2874,5748,4,33,14,20,12
2875,5750,5,33,12,19,10
2876,5752,4,33,11,16,9
2877,5754,4,33,9,14,8
2878,5756,4,33,8,13,7
2879,5758,3,32,7,11,6
2880,5760,4,34,9,12,9
2881,5762,4,33,8,9,9
2882,5764,4,32,7,8,8
2883,5766,4,33,5,7,8
2884,5768,4,33,5,5,6
2885,5770,3,33,4,5,5
2886,5772,3,33,4,4,5
2887,5774,4,32,3,3,4
2888,5776,3,33,4,3,4
2889,5778,4,34,6,5,6
2890,5780,4,34,7,5,6
2891,5782,3,33,7,4,5
2892,5784,3,33,6,3,14
2893,5786,3,38,6,4,13
2894,5788,3,37,6,5,12
2895,5790,3,36,6,4,10
2896,5792,3,36,5,3,10
2897,5794,3,34,5,4,8
2898,5796,4,36,7,6,11
2899,5798,5,34,8,5,9
2900,5800,4,35,7,9,9
2901,5802,4,34,7,8,8
2902,5804,4,34,7,7,9
2903,5806,3,33,7,7,21
2904,5808,4,33,6,7,18
2905,5810,5,33,5,5,19
2906,5812,4,32,14,5,18
2907,5814,5,35,28,8,18
2908,5816,5,35,23,7,16
2909,5818,5,34,19,11,18
2910,5820,5,34,16,11,15
2911,5822,4,34,15,10,13
2912,5824,4,33,13,10,11
2913,5826,4,33,12,8,11
2914,5828,4,33,9,8,10
2915,5830,4,35,21,7,9
2916,5832,4,36,22,15,11
2917,5834,5,36,17,14,11
2918,5836,4,35,15,12,10
2919,5838,4,35,14,11,8
2920,5840,4,35,12,9,14
2921,5842,4,35,12,8,14
2922,5844,4,34,9,7,12
2923,5846,4,34,8,6,12
2924,5848,3,34,7,6,10
2925,5850,4,35,10,9,13
2926,5852,4,35,9,9,12
2927,5854,4,34,7,8,10
2928,5856,4,34,7,7,9
2929,5858,3,33,6,6,8
2930,5860,4,33,6,6,7
2931,5862,4,33,5,7,7
2932,5864,3,38,4,7,7
2933,5866,3,38,4,7,5
2934,5868,4,39,7,9,8
2935,5870,9,38,5,8,7
2936,5872,8,37,6,8,7
2937,5874,7,37,7,7,7
2938,5876,6,44,7,7,6
2939,5878,8,42,6,8,6
2940,5880,12,40,5,7,6
2941,5882,10,39,5,21,6
2942,5884,9,37,5,18,5
2943,5886,8,38,8,19,8
2944,5888,10,37,7,17,7
2945,5890,9,36,8,18,6
2946,5892,8,35,7,16,4
2947,5894,7,34,6,15,4
2948,5896,7,34,6,12,4
2949,5898,6,42,7,12,4
2950,5900,6,40,7,11,3
2951,5902,5,39,6,10,3
2952,5904,6,40,8,14,6
2953,5906,5,38,7,12,6
2954,5908,4,38,6,11,6
2955,5910,8,37,6,9,5
2956,5912,7,36,5,9,6
2957,5914,6,36,5,8,5
2958,5916,5,35,6,8,5
2959,5918,9,35,6,6,5
2960,5920,8,34,5,6,4
2961,5922,8,35,8,9,7
2962,5924,7,36,6,7,7
2963,5926,6,36,6,7,7
2964,5928,5,35,4,6,12
2965,5930,5,35,5,5,21
2966,5932,5,34,6,5,19
2967,5934,4,34,6,4,17
2968,5936,4,34,5,4,15
2969,5938,4,34,4,6,12
2970,5940,9,35,16,9,14
2971,5942,8,43,14,8,12
2972,5944,7,41,12,7,11
2973,5946,6,39,11,12,17
2974,5948,5,38,10,11,14
2975,5950,5,37,9,11,12
2976,5952,5,36,7,10,10
2977,5954,5,36,6,9,9
2978,5956,4,35,7,8,9
2979,5958,5,37,9,10,11
2980,5960,5,36,8,9,10
2981,5962,4,35,7,8,11
2982,5964,4,35,7,8,9
2983,5966,4,35,7,8,9
2984,5968,4,35,7,7,9
2985,5970,4,34,6,5,9
2986,5972,4,34,6,6,7
2987,5974,3,34,5,13,7
2988,5976,4,35,8,14,10
2989,5978,4,35,9,12,9
2990,5980,4,38,8,11,8
2991,5982,4,37,7,10,7
2992,5984,3,37,5,9,6
2993,5986,3,36,5,8,5
2994,5988,3,36,5,7,4
2995,5990,3,35,4,7,5
2996,5992,5,34,4,7,5
2997,5994,5,36,7,10,7
2998,5996,5,36,7,10,7
2999,5998,5,36,6,9,6
3000,6000,5,36,6,8,15
3001,6002,4,39,6,7,12
3002,6004,4,38,6,7,12
3003,6006,4,37,7,7,11
3004,6008,4,37,13,7,10
3005,6010,4,35,11,6,9
3006,6012,5,36,13,8,11
3007,6014,5,36,12,8,24
3008,6016,4,36,10,8,19
3009,6018,4,35,10,7,17
3010,6020,4,35,9,7,14
3011,6022,5,34,9,6,11
3012,6024,5,34,8,6,10
3013,6026,4,34,8,6,10
3014,6028,4,34,8,6,8
3015,6030,4,36,9,9,11
3016,6032,4,35,9,8,9
3017,6034,4,34,8,9,8
3018,6036,4,34,6,8,8
3019,6038,3,33,4,7,7
3020,6040,4,33,5,8,7
3021,6042,5,34,5,7,6
3022,6044,5,33,11,6,7
3023,6046,7,33,9,6,6
3024,6048,7,34,12,8,8
3025,6050,7,42,10,7,6
3026,6052,6,40,9,7,8
3027,6054,10,39,8,6,8
3028,6056,9,42,8,6,11
3029,6058,7,40,6,6,10
3030,6060,7,46,6,6,8
3031,6062,6,44,6,5,8
3032,6064,6,42,6,5,8
3033,6066,6,42,8,8,10
3034,6068,5,41,8,7,8
3035,6070,5,40,8,7,7
3036,6072,4,38,12,6,7
3037,6074,4,37,11,7,7
3038,6076,4,36,10,6,6
3039,6078,3,35,9,7,5
3040,6080,3,35,9,6,4
3041,6082,2,35,7,7,4
3042,6084,4,38,10,8,7
3043,6086,8,37,9,8,6
3044,6088,7,37,16,7,7
3045,6090,7,36,15,7,7
3046,6092,6,36,12,5,10
3047,6094,6,36,11,8,9
3048,6096,5,35,10,7,8
3049,6098,4,35,9,5,7
3050,6100,8,35,7,4,7
3051,6102,8,36,10,8,12
3052,6104,7,36,8,7,11
3053,6106,6,35,8,7,9
3054,6108,5,35,7,7,8
3055,6110,5,35,7,5,7
3056,6112,5,34,7,5,7
3057,6114,4,34,5,4,8
3058,6116,4,34,5,6,7
3059,6118,3,34,5,6,7
3060,6120,4,36,7,8,9
3061,6122,4,36,7,7,9
3062,6124,8,36,18,8,8
3063,6126,7,36,20,21,6
3064,6128,6,35,18,17,6
3065,6130,6,43,14,15,6
3066,6132,5,41,13,13,6
3067,6134,4,40,11,12,6
3068,6136,4,39,11,11,6
3069,6138,5,39,13,13,7
3070,6140,4,39,11,10,7
3071,6142,4,37,10,10,12
3072,6144,4,37,9,8,11
3073,6146,4,37,9,7,9
3074,6148,7,37,7,7,9
3075,6150,7,36,7,20,9
3076,6152,6,35,7,17,9
3077,6154,5,35,6,14,8
3078,6156,6,36,9,16,10
3079,6158,6,36,8,13,9
3080,6160,5,43,8,11,8
3081,6162,5,41,7,10,7
3082,6164,4,40,21,9,11
3083,6166,4,39,17,8,14
3084,6168,4,38,15,8,26
3085,6170,4,37,13,10,22
3086,6172,4,37,11,9,19
3087,6174,5,38,13,11,20
3088,6176,5,37,12,10,16
3089,6178,5,37,10,9,14
3090,6180,5,36,10,8,12
3091,6182,4,36,9,7,11
3092,6184,4,36,8,20,9
3093,6186,4,36,8,24,8
3094,6188,3,36,7,23,8
3095,6190,3,36,7,19,9
3096,6192,5,37,10,21,11
3097,6194,4,36,19,17,10
3098,6196,4,36,17,15,9
3099,6198,4,35,15,13,8
3100,6200,4,34,12,12,8
3101,6202,3,34,10,15,8
3102,6204,3,34,10,13,7
3103,6206,3,35,8,11,7
3104,6208,3,35,7,9,7
3105,6210,4,37,9,11,13
3106,6212,4,36,8,14,11
3107,6214,4,40,8,13,19
3108,6216,4,39,7,25,17
3109,6218,4,38,7,22,14
3110,6220,3,37,6,22,18
3111,6222,3,37,5,19,16
3112,6224,3,36,5,15,14
3113,6226,3,36,5,13,13
3114,6228,4,37,8,13,14
3115,6230,4,37,7,11,12
3116,6232,4,36,7,9,11
3117,6234,4,36,6,8,10
3118,6236,4,36,7,8,8
3119,6238,4,36,7,7,7
3120,6240,4,35,13,7,6
3121,6242,4,35,11,7,6
3122,6244,4,35,10,7,5
3123,6246,5,37,11,10,8
3124,6248,4,36,10,9,7
3125,6250,4,36,10,8,6
3126,6252,4,36,8,7,5
3127,6254,4,38,9,6,5
3128,6256,4,36,8,7,7
3129,6258,3,36,8,6,6
3130,6260,4,35,9,5,6
3131,6262,3,35,9,19,5
3132,6264,4,36,11,19,8
3133,6266,4,37,9,17,7
3134,6268,4,36,8,20,5
3135,6270,4,37,13,18,5
3136,6272,3,37,12,16,5
3137,6274,3,36,10,14,4
3138,6276,3,36,9,12,2
3139,6278,3,36,8,11,3
3140,6280,3,35,7,9,9
3141,6282,4,37,9,11,11
3142,6284,4,36,9,11,10
3143,6286,4,36,7,10,9
3144,6288,4,36,5,10,8
3145,6290,4,36,5,8,9
3146,6292,3,35,5,7,8
3147,6294,3,34,11,7,8
3148,6296,3,35,10,7,19
3149,6298,3,36,10,7,16
3150,6300,4,38,12,22,16
3151,6302,3,37,11,18,13
3152,6304,3,37,10,15,10
3153,6306,4,36,9,13,10
3154,6308,4,40,8,12,8
3155,6310,4,39,11,11,8
3156,6312,3,39,10,11,7
3157,6314,3,38,10,10,6
3158,6316,3,37,10,10,6
3159,6318,4,41,12,11,8
3160,6320,3,40,10,9,6
3161,6322,3,39,8,20,6
3162,6324,3,38,8,17,5
3163,6326,6,37,7,14,5
3164,6328,7,37,6,12,5
3165,6330,6,40,6,11,5
3166,6332,6,39,6,9,5
3167,6334,5,38,6,12,5
3168,6336,6,39,8,14,7
3169,6338,5,39,8,19,7
3170,6340,5,39,7,16,12
3171,6342,4,37,6,15,10
3172,6344,4,37,6,13,9
3173,6346,4,36,5,12,8
3174,6348,4,36,4,11,7
3175,6350,3,38,5,9,7
3176,6352,3,38,4,8,7
3177,6354,4,39,7,11,8
3178,6356,4,38,7,9,7
3179,6358,3,36,7,8,8
3180,6360,3,36,5,7,15
3181,6362,4,36,6,5,12
3182,6364,5,36,7,6,10
3183,6366,5,36,7,6,8
3184,6368,5,44,8,5,8
3185,6370,4,43,13,6,7
3186,6372,5,43,19,9,10
3187,6374,5,42,19,8,8
3188,6376,4,40,16,17,8
3189,6378,4,39,14,15,6
3190,6380,4,38,12,13,6
3191,6382,4,37,11,12,7
3192,6384,4,37,10,10,6
3193,6386,3,36,9,8,6
3194,6388,3,36,9,8,6
3195,6390,4,38,10,9,9
3196,6392,4,37,9,8,8
3197,6394,4,37,7,7,8
3198,6396,4,37,19,6,8
3199,6398,3,37,17,7,13
3200,6400,3,37,15,17,11
3201,6402,3,36,12,14,10
3202,6404,3,37,10,12,9
3203,6406,3,37,10,10,7
3204,6408,4,38,11,11,10
3205,6410,4,37,10,11,8
3206,6412,4,37,8,9,7
3207,6414,4,37,8,8,7
3208,6416,4,36,8,7,7
3209,6418,3,35,7,6,6
3210,6420,3,36,7,6,7
3211,6422,3,36,7,6,6
3212,6424,3,36,7,6,5
3213,6426,4,38,14,11,13
3214,6428,4,38,17,9,11
3215,6430,3,37,14,13,10
3216,6432,3,37,13,11,10
3217,6434,3,36,11,10,11
3218,6436,3,36,10,10,9
3219,6438,6,35,8,9,9
3220,6440,6,36,7,9,9
3221,6442,5,36,7,7,8
3222,6444,5,38,9,10,10
3223,6446,5,37,8,10,10
3224,6448,5,37,8,9,9
3225,6450,4,36,7,8,8
3226,6452,4,36,6,7,7
3227,6454,3,44,6,7,7
3228,6456,3,43,6,6,7
3229,6458,3,42,6,6,6
3230,6460,5,41,5,6,6
3231,6462,5,41,13,9,21
3232,6464,5,40,12,8,18
3233,6466,4,41,9,6,16
3234,6468,4,40,8,6,14
3235,6470,3,39,7,6,14
3236,6472,4,39,6,6,27
3237,6474,4,39,19,6,23
3238,6476,4,38,16,5,20
3239,6478,4,37,13,4,19
3240,6480,4,38,15,6,18
3241,6482,4,38,13,6,15
3242,6484,4,37,12,5,13
3243,6486,3,36,10,5,10
3244,6488,3,36,10,4,10
3245,6490,3,37,10,5,9
3246,6492,3,37,8,5,8
3247,6494,3,37,7,4,7
3248,6496,3,36,6,4,6
3249,6498,4,38,8,7,9
3250,6500,4,40,6,6,13
3251,6502,4,40,5,5,12
3252,6504,4,42,12,4,12
3253,6506,4,41,11,4,11
3254,6508,3,40,19,5,8
3255,6510,3,39,16,5,7
3256,6512,3,38,14,4,7
3257,6514,3,38,13,5,6
3258,6516,4,39,15,7,9
3259,6518,4,39,24,6,8
3260,6520,4,38,21,6,9
3261,6522,3,39,18,6,9
3262,6524,3,46,17,5,8
3263,6526,5,48,14,6,8
3264,6528,4,45,12,5,21
3265,6530,4,43,12,5,17
3266,6532,3,42,9,6,14
3267,6534,6,46,12,9,14
3268,6536,5,44,11,7,13
3269,6538,4,43,9,8,11
3270,6540,4,42,8,7,10
3271,6542,4,41,8,7,9
3272,6544,3,40,14,8,8
3273,6546,3,39,11,7,8
3274,6548,3,38,11,7,8
3275,6550,3,38,10,8,8
3276,6552,4,40,12,10,10
3277,6554,3,39,16,9,8
3278,6556,3,38,14,8,7
3279,6558,3,37,12,20,6
3280,6560,2,37,11,16,6
3281,6562,3,39,11,19,5
3282,6564,3,38,10,16,6
3283,6566,3,38,9,13,5
3284,6568,3,38,14,16,5
3285,6570,4,40,16,27,7
3286,6572,4,40,13,22,6
3287,6574,4,39,11,18,7
3288,6576,4,39,10,14,6
3289,6578,4,41,9,13,6
3290,6580,3,40,8,12,6
3291,6582,3,39,8,10,7
3292,6584,3,39,7,19,6
3293,6586,3,38,6,17,5
3294,6588,4,39,8,18,8
3295,6590,4,38,7,16,7
3296,6592,4,38,6,14,7
3297,6594,4,38,6,17,7
3298,6596,4,37,6,14,6
3299,6598,4,37,5,13,6
3300,6600,4,37,7,11,5
3301,6602,4,37,6,10,5
3302,6604,4,37,5,9,18
3303,6606,5,41,7,10,18
3304,6608,4,42,7,9,15
3305,6610,4,41,6,8,14
3306,6612,4,41,5,7,12
3307,6614,7,40,5,7,11
3308,6616,7,39,5,6,10
3309,6618,6,43,5,19,11
3310,6620,5,46,5,16,8
3311,6622,4,44,5,15,8
3312,6624,5,44,7,15,10
3313,6626,5,42,7,12,9
3314,6628,4,41,6,11,8
3315,6630,4,39,6,9,6
3316,6632,5,38,6,8,6
3317,6634,4,38,6,7,6
3318,6636,4,37,6,7,6
3319,6638,4,37,19,8,5
3320,6640,4,37,15,8,6
3321,6642,6,38,22,10,11
3322,6644,6,37,19,9,10
3323,6646,5,37,15,8,9
3324,6648,4,37,14,9,8
3325,6650,4,37,13,8,8
3326,6652,3,37,12,7,20
3327,6654,4,37,10,7,18
3328,6656,6,37,9,7,15
3329,6658,6,37,9,7,13
3330,6660,7,38,13,9,15
3331,6662,6,38,11,8,13
3332,6664,5,38,13,8,11
3333,6666,5,38,12,7,10
3334,6668,4,37,16,7,9
3335,6670,4,37,13,7,9
3336,6672,4,37,12,7,8
3337,6674,4,37,10,13,7
3338,6676,3,37,8,11,7
3339,6678,4,46,11,13,10
3340,6680,4,45,10,11,9
3341,6682,4,44,9,9,8
3342,6684,4,42,8,11,8
3343,6686,4,41,7,13,7
3344,6688,4,40,7,11,6
3345,6690,4,40,6,10,5
3346,6692,3,40,5,9,6
3347,6694,3,45,5,8,5
3348,6696,4,45,7,10,7
3349,6698,4,43,8,9,6
3350,6700,4,42,8,8,7
3351,6702,3,41,20,9,6
3352,6704,3,41,18,8,7
3353,6706,3,40,17,7,6
3354,6708,3,39,14,7,7
3355,6710,3,42,12,8,7
3356,6712,7,41,21,11,6
3357,6714,7,42,21,13,9
3358,6716,6,40,19,10,8
3359,6718,5,40,16,9,7
3360,6720,5,39,14,9,7
3361,6722,6,39,21,8,7
3362,6724,5,38,17,8,6
3363,6726,5,38,14,8,6
3364,6728,4,37,13,8,6
3365,6730,4,37,20,9,5
3366,6732,5,39,19,11,7
3367,6734,5,38,17,9,5
3368,6736,4,38,15,8,6
3369,6738,4,38,13,9,5
3370,6740,4,41,11,8,5
3371,6742,7,41,10,8,5
3372,6744,6,40,10,7,5
3373,6746,6,40,10,7,4
3374,6748,5,39,9,6,2
3375,6750,6,40,10,10,6
3376,6752,5,40,9,9,6
3377,6754,4,39,8,8,6
3378,6756,4,39,8,7,6
3379,6758,4,39,13,7,6
3380,6760,4,39,12,8,6
3381,6762,4,38,10,6,5
3382,6764,3,38,9,10,5
3383,6766,3,37,8,9,8
3384,6768,4,39,10,11,10
3385,6770,4,39,8,15,9
3386,6772,4,38,7,14,8
3387,6774,4,38,7,12,7
3388,6776,4,40,6,11,6
3389,6778,4,39,5,11,5
3390,6780,4,39,6,10,5
3391,6782,4,38,5,9,6
3392,6784,3,37,5,8,10
3393,6786,4,39,7,11,12
3394,6788,4,40,7,23,11
3395,6790,4,39,6,33,11
3396,6792,5,38,6,27,11
3397,6794,5,46,5,22,10
3398,6796,5,44,5,19,9
3399,6798,4,43,6,17,8
3400,6800,4,42,4,18,7
3401,6802,8,41,5,15,6
3402,6804,8,41,8,16,9
3403,6806,7,41,7,14,8
3404,6808,9,40,7,13,6
3405,6810,8,40,5,12,6
3406,6812,7,40,6,12,15
3407,6814,6,39,7,10,20
3408,6816,5,43,5,9,17
3409,6818,5,43,5,8,14
3410,6820,4,43,4,8,11
3411,6822,4,44,7,10,13
3412,6824,4,42,6,9,11
3413,6826,4,41,6,9,11
3414,6828,5,40,7,8,10
3415,6830,4,42,6,15,10
3416,6832,4,41,6,14,8
3417,6834,4,41,6,12,8
3418,6836,3,40,6,10,8
3419,6838,4,40,6,13,8
3420,6840,4,43,9,15,9
3421,6842,4,41,9,14,9
3422,6844,4,41,8,10,8
3423,6846,4,40,8,10,14
3424,6848,4,39,8,9,12
3425,6850,4,39,7,8,11
3426,6852,4,38,7,9,10
3427,6854,3,38,7,8,10
3428,6856,3,38,7,8,8
3429,6858,5,40,9,10,11
3430,6860,5,39,9,9,9
3431,6862,5,39,8,8,9
3432,6864,4,39,9,8,8
3433,6866,4,38,8,7,8
3434,6868,5,38,7,6,7
3435,6870,6,39,6,6,8
3436,6872,9,38,5,5,7
3437,6874,8,37,5,5,9
3438,6876,8,39,7,10,9
3439,6878,7,39,7,9,9
3440,6880,7,39,7,8,8
3441,6882,6,39,7,8,7
3442,6884,5,38,7,7,6
3443,6886,5,38,6,6,5
3444,6888,5,37,6,19,5
3445,6890,4,37,7,18,5
3446,6892,5,38,6,15,5
3447,6894,5,40,9,15,8
3448,6896,5,39,9,13,7
3449,6898,5,39,7,12,9
3450,6900,4,40,7,10,9
3451,6902,4,39,7,10,8
3452,6904,4,39,9,9,7
3453,6906,3,38,7,8,6
3454,6908,5,38,7,13,6
3455,6910,6,38,6,12,5
3456,6912,6,40,9,13,7
3457,6914,6,41,8,25,6
3458,6916,5,41,11,21,6
3459,6918,5,40,10,18,5
3460,6920,9,40,8,17,5
3461,6922,8,39,8,15,6
3462,6924,7,38,7,21,6
3463,6926,7,38,6,18,13
3464,6928,6,38,6,21,11
3465,6930,6,40,10,20,16
3466,6932,5,39,9,17,15
3467,6934,5,40,8,14,13
3468,6936,5,40,13,23,12
3469,6938,5,40,22,24,11
3470,6940,4,39,19,21,10
3471,6942,4,40,16,18,10
3472,6944,4,39,14,15,9
3473,6946,4,40,12,14,8
3474,6948,5,42,12,15,10
3475,6950,4,41,12,13,9
3476,6952,4,40,10,11,8
3477,6954,3,40,9,10,8
3478,6956,3,40,8,8,7
3479,6958,3,39,6,7,7
3480,6960,3,39,20,8,8
3481,6962,7,39,17,7,8
3482,6964,6,38,15,7,18
3483,6966,6,40,19,9,19
3484,6968,6,40,15,8,16
3485,6970,5,39,12,6,14
3486,6972,5,39,11,6,12
3487,6974,5,39,10,6,9
3488,6976,4,44,9,6,9
3489,6978,4,42,8,6,13
3490,6980,4,42,9,5,12
3491,6982,4,47,8,4,10
3492,6984,5,47,10,10,12
3493,6986,5,45,9,8,15
3494,6988,4,44,8,17,13
3495,6990,4,42,10,15,11
3496,6992,4,42,9,14,10
3497,6994,4,42,8,12,10
3498,6996,4,42,7,11,10
3499,6998,3,41,6,10,9
3500,7000,4,48,5,9,7
3501,7002,4,47,9,12,9
3502,7004,4,46,21,11,9
3503,7006,8,44,27,10,7
3504,7008,8,43,23,10,7
3505,7010,8,45,20,9,7
3506,7012,7,44,17,7,6
3507,7014,6,43,14,7,12
3508,7016,6,41,12,6,12
3509,7018,5,41,11,5,11
3510,7020,6,44,13,9,12
3511,7022,5,45,12,8,11
3512,7024,5,45,11,7,9
3513,7026,4,44,10,7,8
3514,7028,4,44,11,6,8
3515,7030,5,43,23,7,8
3516,7032,5,42,20,7,7
3517,7034,5,42,18,6,6
3518,7036,5,45,16,5,6
3519,7038,5,45,16,8,8
3520,7040,5,43,15,8,8
3521,7042,5,42,12,7,7
3522,7044,4,41,10,19,7
3523,7046,4,48,10,17,5
3524,7048,3,46,9,13,6
3525,7050,3,44,12,12,6
3526,7052,3,44,10,11,6
3527,7054,5,43,9,10,5
3528,7056,6,43,11,11,8
3529,7058,5,42,19,10,7
3530,7060,4,42,15,9,10
3531,7062,5,41,14,8,10
3532,7064,4,48,12,7,8
3533,7066,4,48,11,6,8
3534,7068,4,46,10,6,7
3535,7070,4,44,8,6,7
3536,7072,3,43,6,7,7
3537,7074,4,45,9,10,10
3538,7076,4,44,11,8,9
3539,7078,4,51,9,8,14
3540,7080,4,48,8,8,12
3541,7082,4,46,7,8,10
3542,7084,4,44,7,12,10
3543,7086,3,43,7,10,8
3544,7088,4,43,6,9,9
3545,7090,3,42,6,7,8
3546,7092,4,43,8,10,10
3547,7094,4,42,8,9,9
3548,7096,4,46,7,7,9
3549,7098,6,45,7,6,22
3550,7100,5,43,6,6,19
3551,7102,5,42,6,6,16
3552,7104,4,41,5,6,14
3553,7106,4,41,4,10,11
3554,7108,9,41,4,9,10
3555,7110,9,42,7,9,13
3556,7112,7,42,6,8,11
3557,7114,6,41,7,7,10
3558,7116,6,40,6,6,10
3559,7118,5,40,7,5,7
3560,7120,5,40,6,6,7
3561,7122,4,39,6,6,7
3562,7124,3,39,6,5,8
3563,7126,3,42,11,5,8
3564,7128,4,43,93,10,10
3565,7130,4,50,91,9,8
3566,7132,4,47,90,8,8
3567,7134,4,46,90,7,7
3568,7136,4,45,90,7,7
3569,7138,4,44,90,6,5
3570,7140,3,44,90,6,5
3571,7142,3,43,90,6,5
3572,7144,3,42,90,5,5
3573,7146,4,43,90,8,8
3574,7148,4,42,90,7,9
3575,7150,4,41,90,11,8
3576,7152,4,41,100,10,8
3577,7154,3,40,97,10,7
3578,7156,3,40,95,10,6
3579,7158,3,39,94,14,10
3580,7160,3,39,92,12,10
3581,7162,3,39,90,11,10
3582,7164,4,41,93,12,11
3583,7166,5,42,90,15,10
3584,7168,5,42,90,14,10
3585,7170,6,40,90,12,8
3586,7172,6,40,92,12,13
3587,7174,5,40,95,9,12
3588,7176,5,40,93,8,11
3589,7178,5,41,91,7,9
3590,7180,4,41,90,7,13
3591,7182,5,42,92,10,14
3592,7184,5,42,91,11,13
3593,7186,4,41,90,16,12
3594,7188,4,40,90,14,11
3595,7190,4,40,90,12,10
3596,7192,4,40,90,10,8
3597,7194,4,40,90,10,8
3598,7196,3,39,90,20,7
3599,7198,3,40,90,17,7
3600,7200,4,42,90,17,10
3601,7202,4,41,90,14,10
3602,7204,4,41,90,13,9
3603,7206,4,40,90,11,19
3604,7208,4,42,90,9,15
3605,7210,4,41,90,9,14
3606,7212,3,41,90,8,17
3607,7214,4,41,90,7,19
3608,7216,3,41,90,6,30
3609,7218,4,42,98,8,29
3610,7220,4,42,96,6,24
3611,7222,4,42,93,6,19
3612,7224,6,41,91,6,17
3613,7226,5,40,91,7,15
3614,7228,5,40,91,6,14
3615,7230,4,48,90,6,12
3616,7232,4,46,90,6,12
3617,7234,4,45,91,5,11
3618,7236,4,46,94,8,13
3619,7238,6,45,95,8,12
3620,7240,6,43,94,7,9
3621,7242,6,42,93,10,8
3622,7244,5,42,100,8,15
3623,7246,4,41,100,8,14
3624,7248,4,46,97,8,12
3625,7250,3,44,95,7,10
3626,7252,4,44,93,6,9
3627,7254,5,44,94,9,11
3628,7256,5,44,92,19,10
3629,7258,4,43,90,18,9
3630,7260,4,42,95,15,8
3631,7262,4,41,100,13,8
3632,7264,4,41,98,11,7
3633,7266,4,41,97,10,7
3634,7268,4,43,94,8,6
3635,7270,3,43,92,17,5
3636,7272,4,44,94,17,8
3637,7274,3,43,93,15,8
3638,7276,8,42,91,27,7
3639,7278,7,42,90,23,7
3640,7280,6,41,90,19,6
3641,7282,6,41,90,17,6
3642,7284,5,41,90,15,5
3643,7286,5,42,90,13,5
3644,7288,5,42,90,11,6
3645,7290,5,44,90,12,9
3646,7292,5,44,90,11,9
3647,7294,5,42,90,10,9
3648,7296,4,42,90,10,8
3649,7298,4,42,90,22,15
3650,7300,4,41,90,19,12
3651,7302,3,40,90,17,11
3652,7304,3,40,90,15,9
3653,7306,3,40,90,13,8
3654,7308,4,42,90,15,11
3655,7310,4,46,90,13,10
3656,7312,4,45,90,11,9
3657,7314,4,45,90,9,7
3658,7316,5,44,90,8,6
3659,7318,4,52,90,8,6
3660,7320,4,49,90,8,5
3661,7322,4,47,90,8,5
3662,7324,4,46,90,8,5
3663,7326,4,47,90,17,7
3664,7328,4,45,90,14,6
3665,7330,4,44,90,12,6
3666,7332,5,43,90,11,5
3667,7334,4,43,90,10,19
3668,7336,4,42,90,9,16
3669,7338,4,43,90,9,14
3670,7340,4,42,90,8,12
3671,7342,4,41,90,8,10
3672,7344,4,49,90,9,12
3673,7346,4,47,90,8,9
3674,7348,4,46,90,8,8
3675,7350,4,46,90,20,7
3676,7352,8,44,90,20,7
3677,7354,7,44,90,17,6
3678,7356,6,48,90,14,5
3679,7358,5,47,90,13,5
3680,7360,5,46,90,11,5
3681,7362,10,46,90,19,11
3682,7364,8,44,90,17,10
3683,7366,7,43,94,15,8
3684,7368,7,42,91,14,8
3685,7370,6,41,91,12,8
3686,7372,6,41,91,10,8
3687,7374,7,41,96,9,8
3688,7376,9,44,95,9,6
3689,7378,8,44,94,9,6
3690,7380,8,44,94,12,9
3691,7382,7,44,92,10,9
3692,7384,6,43,91,9,9
3693,7386,6,42,90,8,7
3694,7388,6,42,90,21,6
3695,7390,5,41,90,18,5
3696,7392,6,48,90,15,6
3697,7394,5,46,90,13,5
3698,7396,5,45,90,11,4
3699,7398,5,45,91,26,7
3700,7400,5,44,90,22,7
3701,7402,5,44,90,18,7
3702,7404,4,43,90,15,7
3703,7406,4,43,90,14,7
3704,7408,4,42,90,12,6
3705,7410,3,42,90,11,5
3706,7412,4,42,90,9,4
3707,7414,4,41,90,10,5
3708,7416,4,43,96,12,19
3709,7418,4,43,93,12,17
3710,7420,4,42,92,10,26
3711,7422,3,41,90,9,22
3712,7424,3,41,95,8,17
3713,7426,3,41,93,7,15
3714,7428,3,42,11,11,13
3715,7430,3,43,10,10,12
3716,7432,3,43,9,9,10
3717,7434,4,44,11,11,11
3718,7436,4,44,10,10,9
3719,7438,3,44,11,7,8
3720,7440,3,43,8,7,7
3721,7442,3,42,7,7,6
3722,7444,3,42,7,6,6
3723,7446,3,42,6,6,5
3724,7448,7,41,7,7,5
3725,7450,6,41,6,7,5
3726,7452,7,43,9,18,8
3727,7454,7,44,9,17,7
3728,7456,6,43,8,15,7
3729,7458,5,42,7,12,7
3730,7460,5,42,7,11,7
3731,7462,8,43,6,10,6
3732,7464,7,43,6,12,6
3733,7466,6,42,6,10,6
3734,7468,6,45,6,9,7
3735,7470,7,46,16,10,9
3736,7472,6,46,14,10,9
3737,7474,6,45,13,8,8
3738,7476,5,44,21,9,7
3739,7478,4,43,17,8,7
3740,7480,4,43,14,8,8
3741,7482,3,43,13,16,7
3742,7484,3,42,10,14,6
3743,7486,3,42,8,12,6
3744,7488,4,43,10,13,9
3745,7490,4,42,9,11,8
3746,7492,3,42,9,11,13
3747,7494,3,42,9,10,12
3748,7496,3,41,8,9,11
3749,7498,3,42,6,9,9
3750,7500,3,42,6,9,8
3751,7502,3,42,5,8,7
3752,7504,3,41,4,7,7
3753,7506,4,43,7,9,10
3754,7508,4,43,7,9,17
3755,7510,3,42,6,8,15
3756,7512,4,42,7,8,24
3757,7514,4,42,6,15,20
3758,7516,3,43,5,14,19
3759,7518,6,51,5,13,16
3760,7520,5,48,5,11,15
3761,7522,5,47,5,10,16
3762,7524,5,47,8,12,17
3763,7526,5,46,7,10,15
3764,7528,4,45,5,9,14
3765,7530,4,44,5,8,12
3766,7532,6,48,5,7,11
3767,7534,6,46,4,7,14
3768,7536,5,45,3,6,14
3769,7538,8,44,3,6,12
3770,7540,7,43,5,6,11
3771,7542,7,45,8,9,21
3772,7544,6,44,7,8,18
3773,7546,10,43,6,7,16
3774,7548,9,43,6,8,14
3775,7550,7,43,6,7,12
3776,7552,6,43,6,7,11
3777,7554,5,43,6,6,10
3778,7556,5,42,6,6,9
3779,7558,5,43,9,5,8
3780,7560,5,45,12,8,10
3781,7562,4,44,11,7,10
3782,7564,4,43,18,6,10
3783,7566,4,43,16,6,10
3784,7568,4,43,25,6,9
3785,7570,4,44,21,6,8
3786,7572,5,43,18,6,8
3787,7574,4,42,15,7,7
3788,7576,4,42,12,6,6
3789,7578,4,43,14,9,9
3790,7580,4,43,14,8,8
3791,7582,4,44,11,7,8
3792,7584,3,44,9,16,7
3793,7586,3,43,8,13,7
3794,7588,3,43,8,11,7
3795,7590,3,42,15,8,6
3796,7592,3,42,12,8,6
3797,7594,3,42,10,6,5
3798,7596,4,44,20,9,9
3799,7598,4,44,17,10,8
3800,7600,4,44,15,9,8
3801,7602,3,43,12,8,8
3802,7604,3,43,11,7,6
3803,7606,3,42,10,7,6
3804,7608,3,42,10,7,5
3805,7610,3,41,8,6,6
3806,7612,3,41,8,6,6
3807,7614,4,44,10,9,8
3808,7616,3,43,8,8,7
3809,7618,6,43,17,6,6
3810,7620,6,44,16,6,7
3811,7622,5,43,13,5,6
3812,7624,4,43,13,5,6
3813,7626,4,43,11,5,5
3814,7628,4,42,10,6,6
3815,7630,4,42,9,5,6
3816,7632,6,43,11,8,9
3817,7634,5,43,9,8,8
3818,7636,5,43,8,8,7
3819,7638,4,42,7,12,6
3820,7640,5,42,7,12,7
3821,7642,4,42,6,12,6
3822,7644,4,42,6,10,5
3823,7646,4,42,5,10,4
3824,7648,3,42,5,9,4
3825,7650,4,44,7,11,8
3826,7652,4,43,7,10,7
3827,7654,4,42,8,8,6
3828,7656,3,42,8,7,6
3829,7658,3,41,7,6,6
3830,7660,3,42,7,5,6
3831,7662,3,42,6,6,5
3832,7664,3,42,5,6,5
3833,7666,3,41,5,6,5
3834,7668,4,42,8,9,7
3835,7670,4,43,8,9,6
3836,7672,4,42,8,9,6
3837,7674,5,42,9,8,6
3838,7676,4,41,8,7,6
3839,7678,4,41,7,7,6
3840,7680,4,41,7,6,5
3841,7682,4,42,6,6,6
3842,7684,3,41,6,11,6
3843,7686,4,43,8,11,9
3844,7688,4,43,8,10,9
3845,7690,4,43,7,13,8
3846,7692,4,43,7,12,10
3847,7694,4,47,6,11,12
3848,7696,3,46,5,10,11
3849,7698,3,45,6,8,10
3850,7700,3,44,6,17,8
3851,7702,3,45,6,25,8
3852,7704,4,46,9,24,11
3853,7706,3,45,20,21,9
3854,7708,4,52,29,18,8
3855,7710,3,50,25,15,8
3856,7712,4,48,22,13,8
3857,7714,3,47,18,12,8
3858,7716,5,46,29,10,15
3859,7718,5,45,25,10,12
3860,7720,5,45,21,9,24
3861,7722,8,47,21,13,23
3862,7724,7,46,19,12,20
3863,7726,6,45,17,10,17
3864,7728,6,44,15,9,15
3865,7730,5,44,13,8,14
3866,7732,5,44,11,7,12
3867,7734,4,44,22,6,10
3868,7736,4,44,19,6,9
3869,7738,3,43,16,6,8
3870,7740,4,44,17,8,10
3871,7742,4,44,14,6,16
3872,7744,4,44,12,6,14
3873,7746,4,44,10,6,12
3874,7748,4,43,9,6,12
3875,7750,4,43,8,6,22
3876,7752,3,43,7,6,19
3877,7754,4,43,6,4,28
3878,7756,3,44,5,3,24
3879,7758,4,51,8,7,23
3880,7760,4,49,7,7,20
3881,7762,3,48,6,5,16
3882,7764,4,46,6,12,14
3883,7766,3,46,8,10,12
3884,7768,3,45,7,9,11
3885,7770,3,44,7,7,9
3886,7772,3,43,6,7,10
3887,7774,3,43,5,7,9
3888,7776,4,45,21,9,11
3889,7778,4,44,18,7,9
3890,7780,4,44,15,6,9
3891,7782,4,43,12,6,7
3892,7784,4,43,12,6,8
3893,7786,3,43,10,6,10
3894,7788,3,44,10,6,10
3895,7790,3,46,21,8,9
3896,7792,3,45,31,7,8
3897,7794,3,46,29,10,10
3898,7796,3,45,24,8,9
3899,7798,4,44,19,7,8
3900,7800,4,44,16,6,8
3901,7802,4,44,16,6,7
3902,7804,4,46,13,13,7
3903,7806,6,54,12,11,7
3904,7808,5,52,10,10,6
3905,7810,5,50,8,10,6
3906,7812,5,53,11,14,9
3907,7814,5,51,9,12,8
3908,7816,4,49,9,10,9
3909,7818,4,47,20,8,9
3910,7820,6,46,15,9,8
3911,7822,6,45,14,9,8
3912,7824,5,50,11,8,7
3913,7826,5,49,11,6,6
3914,7828,4,48,10,12,6
3915,7830,5,48,11,13,8
3916,7832,4,48,9,13,7
3917,7834,4,47,8,22,8
3918,7836,4,46,8,19,7
3919,7838,3,45,7,20,6
3920,7840,3,44,19,18,6
3921,7842,3,46,16,16,6
3922,7844,3,45,14,14,6
3923,7846,3,45,13,13,7
3924,7848,4,46,14,14,9
3925,7850,4,45,12,12,9
3926,7852,4,44,10,12,7
3927,7854,3,44,8,10,7
3928,7856,4,44,6,10,5
3929,7858,3,43,5,9,5
3930,7860,3,43,5,8,5
3931,7862,3,43,5,7,5
3932,7864,6,43,5,6,5
3933,7866,6,44,7,9,7
3934,7868,5,43,19,8,7
3935,7870,5,43,17,7,6
3936,7872,4,43,14,5,6
3937,7874,8,42,16,5,6
3938,7876,7,42,14,5,6
3939,7878,6,51,12,5,6
3940,7880,6,50,11,5,5
3941,7882,6,48,10,14,5
3942,7884,9,49,13,16,7
3943,7886,8,50,12,14,6
3944,7888,7,51,10,13,9
3945,7890,6,50,10,11,7
3946,7892,5,48,23,12,8
3947,7894,5,48,19,10,20
3948,7896,4,47,16,9,17
3949,7898,4,48,15,12,15
3950,7900,4,47,13,11,13
3951,7902,5,47,16,13,15
3952,7904,5,47,13,11,13
3953,7906,5,46,12,10,12
3954,7908,4,46,10,9,10
3955,7910,4,46,8,8,12
3956,7912,4,45,7,8,12
3957,7914,3,45,7,8,10
3958,7916,3,44,5,6,10
3959,7918,3,44,6,6,9
3960,7920,4,45,9,9,9
3961,7922,4,44,9,7,21
3962,7924,4,44,8,7,19
3963,7926,4,44,15,9,16
3964,7928,8,45,13,8,14
3965,7930,7,44,10,6,13
3966,7932,6,45,9,18,11
3967,7934,5,44,9,25,9
3968,7936,5,44,9,22,9
3969,7938,6,46,11,22,10
3970,7940,5,45,10,18,8
3971,7942,4,45,9,15,21
3972,7944,4,47,8,13,19
3973,7946,4,49,7,13,15
3974,7948,4,48,7,10,13
3975,7950,3,47,7,10,11
3976,7952,3,46,7,9,9
3977,7954,3,45,7,8,18
3978,7956,4,46,16,11,19
3979,7958,3,46,14,10,16
3980,7960,3,45,24,9,13
3981,7962,3,45,20,13,10
3982,7964,3,45,17,11,9
3983,7966,3,44,14,17,8
3984,7968,3,44,12,22,14
3985,7970,3,44,10,19,12
3986,7972,3,47,9,17,10
3987,7974,4,47,10,17,12
3988,7976,3,46,9,16,11
3989,7978,3,46,8,15,10
3990,7980,3,45,8,13,9
3991,7982,3,45,7,11,8
3992,7984,3,45,7,10,21
3993,7986,3,44,6,10,18
3994,7988,3,44,5,9,17
3995,7990,3,44,6,8,15
3996,7992,4,45,8,11,16
3997,7994,4,45,9,9,14
3998,7996,4,45,13,8,11
3999,7998,3,45,11,8,10
4000,8000,3,45,10,6,8
4001,8002,4,45,10,6,13
4002,8004,3,45,9,6,13
4003,8006,3,45,10,6,11
4004,8008,4,45,9,5,9
4005,8010,4,46,12,8,24
4006,8012,4,45,10,8,21
4007,8014,4,45,10,8,18
4008,8016,4,45,8,8,15
4009,8018,4,45,7,7,13
4010,8020,4,53,6,6,11
4011,8022,4,51,6,5,11
4012,8024,4,50,6,5,22
4013,8026,3,49,6,4,19
4014,8028,4,50,9,6,19
4015,8030,4,48,8,6,16
4016,8032,4,47,7,7,14
4017,8034,3,46,8,8,12
4018,8036,3,45,7,8,11
4019,8038,3,45,6,7,21
4020,8040,3,45,4,7,18
4021,8042,3,45,8,7,18
4022,8044,3,44,7,6,15
4023,8046,4,45,9,14,16
4024,8048,4,45,9,13,13
4025,8050,4,45,8,12,12
4026,8052,4,44,8,10,10
4027,8054,4,44,7,8,8
4028,8056,4,44,5,7,7
4029,8058,3,44,17,7,7
4030,8060,8,44,14,7,7
4031,8062,7,44,12,7,6
4032,8064,7,46,13,9,9
4033,8066,6,45,10,8,8
4034,8068,6,46,9,7,6
4035,8070,6,46,7,7,5
4036,8072,6,45,9,7,4
4037,8074,5,45,8,7,15
4038,8076,4,45,7,7,13
4039,8078,4,45,7,6,11
4040,8080,4,45,8,6,10
4041,8082,5,46,11,9,11
4042,8084,6,48,11,7,9
4043,8086,5,48,9,6,10
4044,8088,5,47,11,16,9
4045,8090,4,46,9,13,8
4046,8092,4,46,7,11,7
4047,8094,4,45,8,9,6
4048,8096,4,50,7,8,6
4049,8098,4,49,7,8,7
4050,8100,5,50,9,10,9
4051,8102,4,49,8,7,9
4052,8104,4,48,7,6,8
4053,8106,9,48,7,5,8
4054,8108,8,47,6,5,9
4055,8110,7,47,6,8,7
4056,8112,6,50,5,8,6
4057,8114,5,49,6,7,6
4058,8116,5,54,7,8,5
4059,8118,5,54,10,11,19
4060,8120,5,52,8,10,17
4061,8122,6,51,8,14,16
4062,8124,6,49,8,13,13
4063,8126,5,49,9,11,10
4064,8128,5,48,8,11,10
4065,8130,5,47,7,19,8
4066,8132,5,47,5,16,7
4067,8134,6,46,17,14,7
4068,8136,7,47,17,15,10
4069,8138,6,46,16,14,10
4070,8140,6,45,14,12,10
4071,8142,5,46,12,25,10
4072,8144,5,45,9,20,9
4073,8146,5,45,21,18,9
4074,8148,4,44,16,16,8
4075,8150,4,44,14,13,8
4076,8152,4,44,12,11,7
4077,8154,5,46,13,14,19
4078,8156,4,47,15,13,16
4079,8158,4,46,13,11,16
4080,8160,4,54,12,10,15
4081,8162,4,52,11,9,12
4082,8164,4,51,10,8,10
4083,8166,3,49,9,7,10
4084,8168,5,48,8,6,8
4085,8170,4,48,10,6,8
4086,8172,5,49,11,12,11
4087,8174,5,50,9,9,10
4088,8176,5,49,9,8,9
4089,8178,4,48,8,8,8
4090,8180,9,47,8,6,7
4091,8182,8,47,7,6,7
4092,8184,7,47,6,6,7
4093,8186,6,46,6,6,7
4094,8188,5,46,6,16,6
4095,8190,6,49,9,17,22
4096,8192,6,48,8,29,18
4097,8194,5,47,8,24,15
4098,8196,5,46,7,21,15
4099,8198,4,46,7,21,13
4100,8200,4,45,6,17,11
4101,8202,4,46,6,15,10
4102,8204,4,49,6,14,8
4103,8206,3,49,6,11,7
4104,8208,5,50,9,13,10
4105,8210,4,50,8,11,9
4106,8212,4,49,8,10,9
4107,8214,3,48,8,9,8
4108,8216,3,47,7,9,20
4109,8218,3,49,5,8,18
4110,8220,3,48,5,7,16
4111,8222,3,48,5,6,13
4112,8224,3,47,5,10,13
4113,8226,4,48,8,12,13
4114,8228,3,47,7,10,11
4115,8230,5,46,8,10,10
4116,8232,5,49,8,8,8
4117,8234,4,52,8,13,8
4118,8236,4,54,8,11,7
4119,8238,8,52,7,11,7
4120,8240,10,51,6,9,7
4121,8242,8,49,5,7,6
4122,8244,8,50,9,9,9
4123,8246,7,57,9,8,8
4124,8248,6,55,7,7,8
4125,8250,5,53,6,7,15
4126,8252,5,51,6,6,13
4127,8254,4,50,7,7,11
4128,8256,4,49,7,6,10
4129,8258,4,49,6,7,10
4130,8260,4,49,6,6,9
4131,8262,5,50,22,9,11
4132,8264,5,49,18,10,10
4133,8266,4,48,15,9,9
4134,8268,4,47,12,8,8
4135,8270,4,47,14,8,7
4136,8272,3,46,12,8,6
4137,8274,4,45,11,7,6
4138,8276,3,45,9,12,19
4139,8278,3,45,7,11,15
4140,8280,4,48,9,14,16
4141,8282,5,48,9,11,14
4142,8284,4,54,7,9,12
4143,8286,7,52,6,7,10
4144,8288,6,50,6,8,8
4145,8290,6,49,6,7,8
4146,8292,5,48,6,6,7
4147,8294,5,47,7,6,6
4148,8296,4,47,7,6,5
4149,8298,5,48,10,8,7
4150,8300,4,48,8,7,6
4151,8302,4,47,8,9,6
4152,8304,4,46,8,9,6
4153,8306,4,46,7,8,6
4154,8308,3,46,7,7,5
4155,8310,3,45,5,6,4
4156,8312,3,46,18,9,4
4157,8314,3,45,16,9,4
4158,8316,6,47,16,11,7
4159,8318,5,46,14,9,7
4160,8320,5,45,13,8,7
4161,8322,4,45,11,7,7
4162,8324,3,44,9,6,5
4163,8326,3,45,8,5,5
4164,8328,3,45,6,5,4
4165,8330,3,45,19,5,4
4166,8332,3,45,17,10,6
4167,8334,4,47,16,12,8
4168,8336,4,46,14,10,8
4169,8338,3,46,13,14,7
4170,8340,4,46,12,16,6
4171,8342,4,46,9,13,6
4172,8344,4,45,8,12,6
4173,8346,4,45,8,10,5
4174,8348,3,45,9,9,5
4175,8350,3,45,9,8,6
4176,8352,4,46,11,10,9
4177,8354,4,46,9,9,7
4178,8356,3,50,10,12,5
4179,8358,3,49,10,11,5
4180,8360,6,48,8,9,5
4181,8362,5,53,7,8,5
4182,8364,8,52,6,7,6
4183,8366,7,51,6,7,5
4184,8368,6,49,4,6,5
4185,8370,6,50,7,8,7
4186,8372,6,48,6,21,8
4187,8374,5,50,5,17,7
4188,8376,5,49,5,15,7
4189,8378,4,49,4,13,20
4190,8380,4,50,13,12,16
4191,8382,4,50,11,10,16
4192,8384,3,49,10,10,14
4193,8386,3,48,9,9,25
4194,8388,4,49,12,10,26
4195,8390,7,49,11,8,22
4196,8392,6,48,12,8,18
4197,8394,5,47,11,8,16
4198,8396,4,47,9,6,14
4199,8398,4,47,8,7,11
4200,8400,5,54,6,12,23
4201,8402,4,52,7,10,21
4202,8404,4,51,7,9,17
4203,8406,5,52,9,12,17
4204,8408,5,51,7,10,15
4205,8410,5,50,7,9,14
4206,8412,4,49,14,8,12
4207,8414,4,48,12,9,10
4208,8416,5,48,11,8,9
4209,8418,5,47,10,7,7
4210,8420,6,47,9,7,7
4211,8422,6,55,10,6,6
4212,8424,6,54,10,9,9
4213,8426,6,53,10,8,8
4214,8428,5,51,9,16,7
4215,8430,5,50,8,13,7
4216,8432,4,48,7,11,7
4217,8434,9,48,6,10,7
4218,8436,7,48,9,8,6
4219,8438,6,47,8,6,6
4220,8440,6,46,7,6,5
4221,8442,6,48,10,7,7
4222,8444,6,48,9,9,7
4223,8446,6,47,7,9,6
4224,8448,5,48,11,7,6
4225,8450,5,47,9,7,6
4226,8452,5,46,11,6,5
4227,8454,6,46,9,5,6
4228,8456,5,46,8,4,5
4229,8458,5,48,8,3,4
4230,8460,6,49,9,7,7
4231,8462,5,56,8,7,8
4232,8464,4,54,8,6,7
4233,8466,4,52,7,5,7
4234,8468,4,50,7,4,8
4235,8470,4,49,7,4,11
4236,8472,3,48,6,8,10
4237,8474,3,48,6,12,9
4238,8476,3,50,6,11,8
4239,8478,4,51,21,13,10
4240,8480,4,50,18,14,8
4241,8482,8,49,16,11,8
4242,8484,7,49,13,9,7
4243,8486,6,48,11,7,8
4244,8488,6,48,10,7,8
4245,8490,5,56,9,7,9
4246,8492,5,53,8,6,8
4247,8494,5,52,8,6,8
4248,8496,5,53,10,9,11
4249,8498,5,52,9,14,9
4250,8500,4,50,13,11,10
4251,8502,4,50,12,15,8
4252,8504,3,50,11,13,8
4253,8506,3,50,10,12,7
4254,8508,3,49,9,11,6
4255,8510,3,48,8,11,6
4256,8512,3,48,8,12,6
4257,8514,5,50,10,13,15
4258,8516,5,48,8,11,12
4259,8518,4,48,7,8,11
4260,8520,4,48,9,7,15
4261,8522,4,47,8,6,13
4262,8524,4,47,8,6,12
4263,8526,3,47,7,7,11
4264,8528,5,46,7,6,10
4265,8530,4,54,7,4,10
4266,8532,5,54,12,7,12
4267,8534,5,52,11,6,10
4268,8536,4,51,10,6,9
4269,8538,4,50,9,5,8
4270,8540,4,50,9,6,8
4271,8542,4,57,8,6,13
4272,8544,3,55,7,5,12
4273,8546,3,53,6,5,10
4274,8548,3,52,7,5,10
4275,8550,4,52,9,8,12
4276,8552,3,52,8,8,11
4277,8554,3,50,8,13,8
4278,8556,7,50,7,14,8
4279,8558,6,49,6,12,6
4280,8560,6,49,6,10,10
4281,8562,5,49,5,9,10
4282,8564,4,47,4,9,7
4283,8566,4,47,4,11,7
4284,8568,4,49,7,13,10
4285,8570,4,51,7,12,9
4286,8572,4,50,7,10,8
4287,8574,3,50,6,8,8
4288,8576,3,49,6,7,7
4289,8578,3,49,6,6,6
4290,8580,3,49,5,5,7
4291,8582,3,48,5,5,7
4292,8584,3,48,4,4,7
4293,8586,4,49,7,6,9
4294,8588,4,54,6,6,8
4295,8590,4,53,5,6,7
4296,8592,4,52,6,6,6
4297,8594,4,50,5,5,7
4298,8596,3,50,5,6,7
4299,8598,3,50,4,6,9
4300,8600,3,49,4,7,9
4301,8602,3,49,4,7,8
4302,8604,4,50,7,9,10
4303,8606,4,50,7,9,13
4304,8608,3,52,6,9,11
4305,8610,3,53,6,9,11
4306,8612,3,51,6,22,10
4307,8614,3,50,6,19,8
4308,8616,3,50,6,16,8
4309,8618,7,48,6,13,7
4310,8620,6,48,5,11,6
4311,8622,6,49,7,12,8
4312,8624,6,48,6,24,7
4313,8626,5,49,15,21,7
4314,8628,5,49,13,18,6
4315,8630,5,49,11,14,5
4316,8632,4,49,11,12,18
4317,8634,4,49,8,11,15
4318,8636,4,49,8,9,13
4319,8638,4,48,6,8,11
4320,8640,4,49,8,10,13
4321,8642,4,48,7,9,11
4322,8644,4,48,7,7,9
4323,8646,5,47,6,5,8
4324,8648,5,49,5,5,7
4325,8650,4,49,5,6,6
4326,8652,4,49,4,6,6
4327,8654,4,48,4,19,6
4328,8656,4,48,10,17,5
4329,8658,5,49,11,17,8
4330,8660,4,57,10,15,8
4331,8662,4,63,10,12,7
4332,8664,4,59,22,11,7
4333,8666,4,58,18,9,7
4334,8668,4,56,17,9,6
4335,8670,3,54,13,7,6
4336,8672,4,52,10,8,6
4337,8674,4,51,9,8,5
4338,8676,5,51,11,10,9
4339,8678,4,50,10,9,16
4340,8680,4,54,8,8,14
4341,8682,4,53,11,8,13
4342,8684,4,54,10,7,12
4343,8686,4,52,10,6,10
4344,8688,4,51,9,6,10
4345,8690,3,51,9,5,8
4346,8692,4,50,9,5,7
4347,8694,5,51,11,8,9
4348,8696,4,50,10,6,12
4349,8698,4,49,9,5,11
4350,8700,4,49,9,6,10
4351,8702,4,49,13,5,9
4352,8704,3,48,11,5,8
4353,8706,3,48,9,5,7
4354,8708,3,47,9,5,7
4355,8710,3,47,8,5,7
4356,8712,4,48,15,14,10
4357,8714,3,48,13,14,9
4358,8716,3,49,12,13,9
4359,8718,3,48,10,12,8
4360,8720,4,47,11,10,8
4361,8722,3,47,10,10,8
4362,8724,3,49,9,9,7
4363,8726,3,49,9,14,6
4364,8728,3,49,8,13,5
4365,8730,4,50,10,15,7
4366,8732,5,50,9,13,7
4367,8734,4,49,8,11,7
4368,8736,4,49,8,9,7
4369,8738,4,49,7,8,6
4370,8740,4,48,6,8,6
4371,8742,3,48,5,8,7
4372,8744,3,48,5,7,7
4373,8746,3,47,5,7,7
4374,8748,4,50,8,9,10
4375,8750,3,54,7,8,10
4376,8752,3,52,7,8,9
4377,8754,3,51,6,6,8
4378,8756,3,50,6,6,21
4379,8758,3,49,8,8,18
4380,8760,3,48,8,7,16
4381,8762,3,48,15,6,14
4382,8764,3,47,13,6,12
4383,8766,4,49,14,8,12
4384,8768,4,49,26,7,10
4385,8770,3,48,22,7,8
4386,8772,8,48,19,6,8
4387,8774,7,47,17,5,7
4388,8776,7,47,22,6,7
4389,8778,6,50,19,6,7
4390,8780,6,50,16,6,6
4391,8782,6,49,14,6,5
4392,8784,6,51,28,8,8
4393,8786,6,50,24,8,8
4394,8788,5,49,21,7,7
4395,8790,5,52,17,5,8
4396,8792,4,51,16,12,7
4397,8794,4,50,13,11,7
4398,8796,4,50,25,11,9
4399,8798,4,49,21,10,8
4400,8800,4,48,18,10,7
4401,8802,4,50,18,11,11
4402,8804,4,49,16,10,10
4403,8806,4,48,14,10,9
4404,8808,4,48,13,8,8
4405,8810,3,51,12,8,8
4406,8812,4,50,21,7,8
4407,8814,3,49,17,6,7
4408,8816,3,49,16,7,6
4409,8818,3,48,13,6,6
4410,8820,4,50,14,9,9
4411,8822,4,50,12,8,7
4412,8824,7,50,10,7,6
4413,8826,6,49,8,7,6
4414,8828,8,49,7,7,4
4415,8830,8,49,7,7,5
4416,8832,7,48,7,7,5
4417,8834,6,49,6,7,5
4418,8836,5,49,6,7,5
4419,8838,6,50,8,10,8
4420,8840,5,50,8,10,7
4421,8842,5,50,8,9,7
4422,8844,4,50,6,9,7
4423,8846,4,49,5,8,7
4424,8848,4,49,5,8,8
4425,8850,4,49,5,10,8
4426,8852,3,48,5,24,7
4427,8854,4,50,5,21,6
4428,8856,4,51,7,20,9
4429,8858,8,49,8,18,9
4430,8860,7,49,8,16,7
4431,8862,5,49,6,14,6
4432,8864,5,48,5,11,6
4433,8866,4,48,5,11,6
4434,8868,9,48,5,9,5
4435,8870,8,48,4,7,4
4436,8872,7,47,4,7,4
4437,8874,7,49,7,9,6
4438,8876,6,49,6,9,7
4439,8878,5,49,5,8,5
4440,8880,9,48,5,7,5
4441,8882,8,49,5,7,5
4442,8884,6,48,5,7,3
4443,8886,6,48,5,6,4
4444,8888,5,48,5,6,4
4445,8890,4,48,5,6,9
4446,8892,5,55,8,13,10
4447,8894,5,53,13,10,9
4448,8896,5,52,12,21,9
4449,8898,4,52,10,17,8
4450,8900,4,50,9,15,7
4451,8902,4,51,9,14,7
4452,8904,5,50,9,12,5
4453,8906,5,50,8,9,5
4454,8908,5,50,8,9,5
4455,8910,5,58,10,16,7
4456,8912,5,56,10,14,7
4457,8914,5,54,9,25,6
4458,8916,5,53,7,21,5
4459,8918,4,52,6,18,5
4460,8920,4,51,7,16,4
4461,8922,4,50,6,15,4
4462,8924,4,50,6,13,4
4463,8926,4,49,6,12,4
4464,8928,5,50,8,13,7
4465,8930,4,50,8,11,7
4466,8932,4,50,7,12,7
4467,8934,4,50,7,21,6
4468,8936,4,49,7,19,4
4469,8938,3,49,6,17,3
4470,8940,3,49,16,18,7
4471,8942,3,49,14,16,7
4472,8944,3,49,12,13,8
4473,8946,4,51,13,28,9
4474,8948,4,50,11,24,12
4475,8950,4,50,11,20,10
4476,8952,4,49,9,17,10
4477,8954,4,56,8,14,9
4478,8956,4,54,7,16,7
4479,8958,4,60,5,13,7
4480,8960,3,57,5,12,6
4481,8962,3,55,5,10,8
4482,8964,4,56,7,12,10
4483,8966,4,54,7,11,9
4484,8968,3,53,7,9,8
4485,8970,3,52,7,7,9
4486,8972,3,52,7,13,8
4487,8974,3,51,5,10,8
4488,8976,3,50,4,9,7
4489,8978,3,50,4,9,7
4490,8980,3,50,5,7,7
4491,8982,3,51,21,10,9
4492,8984,4,51,18,10,8
4493,8986,3,51,15,9,20
4494,8988,3,51,13,8,17
4495,8990,3,50,11,7,14
4496,8992,3,49,9,6,13
4497,8994,3,49,9,6,10
4498,8996,3,49,14,6,9
4499,8998,3,49,12,4,8
4500,9000,4,51,13,10,10
4501,9002,4,50,11,10,8
4502,9004,4,51,17,9,8
4503,9006,4,50,14,8,8
4504,9008,4,50,12,7,7
4505,9010,3,50,10,7,8
4506,9012,3,49,7,7,7
4507,9014,3,49,7,6,20
4508,9016,3,49,6,6,17
4509,9018,4,51,9,9,17
4510,9020,4,51,8,9,15
4511,9022,4,58,7,9,13
4512,9024,3,57,7,8,12
4513,9026,3,56,6,7,11
4514,9028,3,54,5,7,18
4515,9030,3,53,5,7,21
4516,9032,2,53,6,7,19
4517,9034,2,52,5,6,16
4518,9036,3,53,7,9,16
4519,9038,3,57,6,8,14
4520,9040,3,56,5,9,19
4521,9042,4,55,5,8,20
4522,9044,4,53,5,6,18
4523,9046,3,52,5,6,16
4524,9048,4,52,5,6,13
4525,9050,3,51,16,6,11
4526,9052,3,51,14,5,10
4527,9054,4,52,16,8,11
4528,9056,4,52,15,7,9
4529,9058,4,51,13,7,8
4530,9060,4,57,21,7,7
4531,9062,4,56,18,7,7
4532,9064,4,54,15,7,6
4533,9066,4,53,12,18,6
4534,9068,4,52,10,16,6
4535,9070,4,51,10,14,8
4536,9072,4,53,12,15,10
4537,9074,4,52,12,14,9
4538,9076,4,51,10,12,7
4539,9078,4,50,9,10,6
4540,9080,3,50,8,8,6
4541,9082,3,50,6,7,6
4542,9084,3,49,10,7,5
4543,9086,3,50,9,7,5
4544,9088,3,50,21,6,6
4545,9090,4,51,20,9,9
4546,9092,4,50,18,9,9
4547,9094,8,50,16,7,9
4548,9096,8,49,14,7,6
4549,9098,7,49,12,6,6
4550,9100,6,49,12,4,5
4551,9102,8,49,11,4,7
4552,9104,7,49,9,4,5
4553,9106,6,49,8,7,4
4554,9108,6,50,11,9,7
4555,9110,5,50,11,7,6
4556,9112,5,50,10,7,6
4557,9114,4,49,9,6,5
4558,9116,4,49,8,6,5
4559,9118,4,56,7,5,6
4560,9120,4,55,7,5,5
4561,9122,8,54,7,5,6
4562,9124,7,53,6,5,5
4563,9126,7,54,9,7,7
4564,9128,6,53,10,7,8
4565,9130,6,54,8,6,7
4566,9132,5,53,15,6,7
4567,9134,4,52,12,5,7
4568,9136,4,52,10,5,6
4569,9138,4,52,9,6,7
4570,9140,4,52,10,5,6
4571,9142,4,52,8,5,6
4572,9144,4,53,10,8,8
4573,9146,4,52,10,6,8
4574,9148,3,52,9,6,8
4575,9150,4,52,9,5,8
4576,9152,3,51,8,6,7
4577,9154,3,52,8,6,7
4578,9156,3,51,8,5,7
4579,9158,3,50,8,12,7
4580,9160,3,51,7,11,7
4581,9162,4,52,10,12,9
4582,9164,4,52,7,11,16
4583,9166,3,52,8,10,13
4584,9168,5,51,7,9,11
4585,9170,6,51,7,9,9
4586,9172,5,51,6,7,10
4587,9174,5,51,9,9,10
4588,9176,4,51,7,7,8
4589,9178,4,50,8,7,7
4590,9180,5,55,10,9,10
4591,9182,5,54,9,8,14
4592,9184,5,54,7,21,12
4593,9186,5,54,8,18,11
4594,9188,4,52,8,15,10
4595,9190,4,53,8,13,21
4596,9192,4,52,8,11,19
4597,9194,3,50,18,9,16
4598,9196,3,50,15,19,14
4599,9198,4,52,17,19,14
4600,9200,4,51,14,16,12
4601,9202,3,52,12,14,22
4602,9204,4,51,10,13,19
4603,9206,4,51,9,10,17
4604,9208,4,50,8,9,15
4605,9210,3,50,7,8,13
4606,9212,5,50,6,8,12
4607,9214,5,50,6,8,19
4608,9216,6,51,9,10,19
4609,9218,5,51,9,9,17
4610,9220,5,51,9,20,15
4611,9222,4,51,8,17,14
4612,9224,4,52,7,15,12
4613,9226,4,53,6,13,11
4614,9228,4,52,6,11,10
4615,9230,4,52,5,10,8
4616,9232,4,50,5,9,7
4617,9234,4,52,7,11,10
4618,9236,5,52,6,9,10
4619,9238,4,51,7,8,10
4620,9240,4,51,6,9,9
4621,9242,4,51,6,8,9
4622,9244,4,50,5,9,8
4623,9246,4,50,5,8,6
4624,9248,4,51,5,9,8
4625,9250,4,50,5,9,7
4626,9252,5,54,8,11,9
4627,9254,4,53,20,10,9
4628,9256,4,61,18,8,8
4629,9258,4,59,16,9,8
4630,9260,4,57,14,8,8
4631,9262,3,58,11,7,12
4632,9264,3,56,10,8,10
4633,9266,3,55,9,8,10
4634,9268,3,54,8,7,8
4635,9270,4,54,10,22,10
4636,9272,4,53,9,19,8
4637,9274,4,53,8,15,8
4638,9276,7,53,8,12,7
4639,9278,6,52,8,11,6
4640,9280,5,52,8,11,6
4641,9282,5,52,7,10,6
4642,9284,5,51,18,16,6
4643,9286,4,55,16,15,7
4644,9288,5,57,17,20,9
4645,9290,4,55,14,17,9
4646,9292,4,55,12,15,8
4647,9294,4,60,11,13,8
4648,9296,4,58,10,11,20
4649,9298,4,56,8,10,17
4650,9300,4,55,8,9,14
4651,9302,4,54,8,8,12
4652,9304,4,53,7,8,11
4653,9306,5,54,10,9,16
4654,9308,6,57,10,22,13
4655,9310,5,55,8,17,11
4656,9312,8,62,8,28,9
4657,9314,7,60,7,27,8
4658,9316,7,58,7,23,8
4659,9318,6,56,7,19,7
4660,9320,5,56,7,16,19
4661,9322,5,54,6,13,17
4662,9324,5,55,9,12,18
4663,9326,5,54,8,11,15
4664,9328,4,53,8,9,13
4665,9330,4,52,7,8,12
4666,9332,4,51,5,7,9
4667,9334,3,51,5,7,9
4668,9336,5,59,6,7,8
4669,9338,5,57,5,7,6
4670,9340,5,56,6,8,6
4671,9342,6,56,9,10,13
4672,9344,5,57,8,10,12
4673,9346,5,59,7,8,11
4674,9348,4,58,7,7,10
4675,9350,4,56,7,7,9
4676,9352,4,55,7,6,8
4677,9354,3,55,19,6,8
4678,9356,4,54,31,6,8
4679,9358,4,52,25,9,6
4680,9360,4,53,25,11,9
4681,9362,4,52,21,9,8
4682,9364,3,52,18,13,7
4683,9366,3,51,18,18,9
4684,9368,3,51,16,16,8
4685,9370,8,51,14,14,6
4686,9372,7,52,13,13,6
4687,9374,5,51,12,11,5
4688,9376,5,51,10,13,6
4689,9378,7,52,12,14,14
4690,9380,6,57,10,12,12
4691,9382,5,56,10,10,10
4692,9384,5,55,9,9,11
4693,9386,5,54,8,8,10
4694,9388,5,53,8,7,10
4695,9390,4,53,8,7,9
4696,9392,6,52,10,6,9
4697,9394,5,51,9,6,7
4698,9396,6,53,10,8,8
4699,9398,5,53,9,7,10
4700,9400,5,52,8,9,8
4701,9402,4,52,8,9,7
4702,9404,4,51,8,8,7
4703,9406,4,51,8,15,7
4704,9408,4,52,8,13,6
4705,9410,4,51,8,12,6
4706,9412,3,52,7,11,7
4707,9414,5,53,9,12,9
4708,9416,4,52,9,12,9
4709,9418,4,52,8,11,7
4710,9420,5,52,7,10,7
4711,9422,5,51,6,9,6
4712,9424,4,51,6,8,6
4713,9426,4,50,5,7,9
4714,9428,4,52,5,6,8
4715,9430,4,52,7,6,6
4716,9432,4,54,9,9,9
4717,9434,4,53,9,12,8
4718,9436,4,52,8,11,7
4719,9438,4,52,19,15,5
4720,9440,4,51,17,14,6
4721,9442,3,51,14,13,6
4722,9444,3,51,12,11,6
4723,9446,3,50,10,9,6
4724,9448,3,50,9,8,4
4725,9450,4,54,13,10,7
4726,9452,4,54,11,9,6
4727,9454,4,54,9,9,6
4728,9456,4,53,8,7,6
4729,9458,4,53,6,7,6
4730,9460,4,56,5,7,5
4731,9462,4,55,5,6,5
4732,9464,3,54,6,6,3
4733,9466,3,54,6,6,3
4734,9468,4,55,9,9,7
4735,9470,4,54,8,9,6
4736,9472,9,53,7,8,6
4737,9474,8,53,13,6,7
4738,9476,7,53,12,6,6
4739,9478,6,53,10,18,6
4740,9480,5,52,8,16,7
4741,9482,5,52,8,14,7
4742,9484,5,52,8,12,6
4743,9486,6,54,10,13,8
4744,9488,6,55,10,10,7
4745,9490,5,55,9,11,7
4746,9492,5,54,9,9,6
4747,9494,5,53,8,7,16
4748,9496,6,52,7,7,14
4749,9498,6,52,8,7,12
4750,9500,5,52,7,7,11
4751,9502,5,52,7,7,10
4752,9504,5,54,9,9,12
4753,9506,5,53,8,21,10
4754,9508,4,53,9,19,18
4755,9510,4,52,9,16,15
4756,9512,4,52,8,13,23
4757,9514,4,51,6,12,21
4758,9516,4,51,4,11,18
4759,9518,3,52,4,9,14
4760,9520,3,52,3,8,12
4761,9522,4,54,7,11,14
4762,9524,4,53,7,10,13
4763,9526,4,52,7,9,11
4764,9528,4,52,7,8,9
4765,9530,4,52,21,8,8
4766,9532,3,52,17,16,7
4767,9534,4,53,13,14,7
4768,9536,4,52,12,13,7
4769,9538,4,52,9,15,7
4770,9540,5,56,12,15,9
4771,9542,4,54,10,12,10
4772,9544,5,54,9,10,9
4773,9546,4,54,8,9,8
4774,9548,4,53,8,13,7
4775,9550,4,53,8,12,6
4776,9552,4,53,13,12,6
4777,9554,3,53,11,11,7
4778,9556,3,53,9,10,5
4779,9558,4,59,11,12,8
4780,9560,6,58,10,12,7
4781,9562,5,56,8,11,7
4782,9564,5,56,7,10,5
4783,9566,5,55,7,16,6
4784,9568,5,54,6,13,6
4785,9570,5,53,6,12,18
4786,9572,4,53,5,10,15
4787,9574,3,53,5,10,12
4788,9576,4,54,9,12,15
4789,9578,4,54,6,11,12
4790,9580,3,53,6,10,11
4791,9582,3,56,5,9,9
4792,9584,4,56,4,9,7
4793,9586,3,54,4,9,7
4794,9588,3,54,9,8,6
4795,9590,3,54,7,7,5
4796,9592,3,53,7,6,4
4797,9594,4,55,9,8,7
4798,9596,4,54,8,8,7
4799,9598,4,53,8,7,6
4800,9600,3,53,7,6,5
4801,9602,3,53,7,7,5
4802,9604,5,53,6,12,11
4803,9606,4,54,6,10,10
4804,9608,4,53,7,9,16
4805,9610,3,53,7,8,12
4806,9612,6,54,10,10,14
4807,9614,5,54,9,10,13
4808,9616,5,54,8,17,12
4809,9618,4,54,8,16,10
4810,9620,4,54,7,14,11
4811,9622,4,53,11,12,10
4812,9624,4,52,10,10,8
4813,9626,3,52,8,9,7
4814,9628,3,52,9,8,6
4815,9630,4,53,12,11,9
4816,9632,4,54,10,10,7
4817,9634,3,53,9,9,13
4818,9636,3,52,9,8,16
4819,9638,3,52,8,8,13
4820,9640,3,52,9,8,12
4821,9642,3,53,8,8,12
4822,9644,3,53,7,6,10
4823,9646,3,53,7,5,9
4824,9648,4,55,9,8,11
4825,9650,3,55,12,8,10
4826,9652,4,54,11,8,10
4827,9654,5,54,8,7,9
4828,9656,4,53,7,6,9
4829,9658,4,53,7,7,8
4830,9660,6,53,6,6,7
4831,9662,5,52,6,5,6
4832,9664,5,52,6,5,6
4833,9666,7,54,9,8,10
4834,9668,6,56,8,7,9
4835,9670,6,55,7,7,8
4836,9672,5,54,7,6,8
4837,9674,5,54,7,5,8
4838,9676,4,54,6,5,14
4839,9678,4,54,6,16,13
4840,9680,4,54,5,28,10
4841,9682,4,54,9,23,9
4842,9684,4,56,10,23,12
4843,9686,4,63,10,25,11
4844,9688,4,61,9,32,11
4845,9690,4,59,9,27,9
4846,9692,4,58,7,23,8
4847,9694,3,57,7,20,7
4848,9696,3,56,6,17,7
4849,9698,3,55,6,15,7
4850,9700,3,55,7,25,6
4851,9702,6,56,9,24,14
4852,9704,10,63,9,22,11
4853,9706,9,61,7,18,11
4854,9708,7,59,7,15,10
4855,9710,7,58,7,13,9
4856,9712,6,56,7,12,9
4857,9714,5,56,7,10,9
4858,9716,4,55,6,9,9
4859,9718,4,54,7,8,8
4860,9720,5,57,9,11,10
4861,9722,5,57,9,10,8
4862,9724,4,55,9,8,7
4863,9726,4,55,21,13,6
4864,9728,4,54,18,11,12
4865,9730,3,55,16,11,11
4866,9732,3,55,13,10,11
4867,9734,3,54,11,9,9
4868,9736,3,54,10,9,9
4869,9738,4,55,12,9,11
4870,9740,4,62,12,7,10
4871,9742,4,61,11,8,10
4872,9744,4,60,10,15,22
4873,9746,4,59,9,13,18
4874,9748,8,57,8,11,16
4875,9750,7,56,7,10,14
4876,9752,6,56,7,10,12
4877,9754,5,55,6,8,10
4878,9756,6,57,12,10,12
4879,9758,5,56,10,9,9
4880,9760,5,55,9,7,8
4881,9762,5,54,8,7,7
4882,9764,5,54,7,7,7
4883,9766,4,53,8,5,7
4884,9768,4,54,8,6,8
4885,9770,4,55,6,7,7
4886,9772,3,54,6,7,6
4887,9774,4,56,8,9,9
4888,9776,4,55,8,8,8
4889,9778,4,55,7,8,9
4890,9780,4,54,7,6,9
4891,9782,4,54,6,5,8
4892,9784,4,54,4,6,6
4893,9786,4,53,4,4,7
4894,9788,4,62,4,4,6
4895,9790,4,60,4,4,6
4896,9792,5,60,7,8,9
4897,9794,5,58,7,8,7
4898,9796,5,57,6,7,8
4899,9798,5,57,5,6,7
4900,9800,5,55,4,6,7
4901,9802,4,55,4,5,6
4902,9804,8,54,3,4,5
4903,9806,7,61,4,4,4
4904,9808,6,60,4,4,4
4905,9810,6,60,7,7,6
4906,9812,10,58,6,7,5
4907,9814,8,57,6,9,5
4908,9816,7,56,5,8,4
4909,9818,6,55,5,7,5
4910,9820,10,55,5,6,8
4911,9822,9,54,5,5,8
4912,9824,8,54,5,6,8
4913,9826,10,54,6,7,6
4914,9828,9,55,7,11,8
4915,9830,8,54,7,9,8
4916,9832,7,54,9,9,7
4917,9834,6,54,8,8,8
4918,9836,7,54,8,8,6
4919,9838,5,54,7,6,7
4920,9840,5,53,6,6,7
4921,9842,5,53,7,5,6
4922,9844,8,53,6,4,6
4923,9846,8,55,22,6,8
4924,9848,7,54,19,6,7
4925,9850,6,54,19,7,7
4926,9852,6,53,18,7,6
4927,9854,5,53,16,5,7
4928,9856,5,54,14,6,6
4929,9858,5,54,12,6,6
4930,9860,4,57,10,15,5
4931,9862,3,56,10,12,5
4932,9864,4,57,12,13,9
4933,9866,5,57,12,11,7
4934,9868,4,57,10,10,7
4935,9870,4,56,9,8,7
4936,9872,4,56,8,11,5
4937,9874,6,55,8,10,6
4938,9876,6,54,7,10,6
4939,9878,6,54,6,9,6
4940,9880,6,53,11,8,5
4941,9882,6,55,13,10,8
4942,9884,6,55,17,8,8
4943,9886,5,54,14,7,7
4944,9888,5,54,12,13,6
4945,9890,4,59,11,11,6
4946,9892,5,58,10,11,5
4947,9894,5,56,10,11,5
4948,9896,4,56,9,9,4
4949,9898,4,56,13,8,4
4950,9900,5,57,14,11,7
4951,9902,4,56,12,10,6
4952,9904,4,55,11,9,20
4953,9906,4,55,10,8,16
4954,9908,3,54,9,7,14
4955,9910,3,54,8,5,12
4956,9912,3,57,7,5,10
4957,9914,3,56,7,5,11
4958,9916,3,55,6,5,10
4959,9918,4,56,8,9,12
4960,9920,4,55,7,8,12
4961,9922,4,55,6,7,11
4962,9924,4,55,6,6,9
4963,9926,5,60,8,6,8
4964,9928,8,58,8,8,7
4965,9930,7,58,7,8,21
4966,9932,6,57,6,6,18
4967,9934,5,57,5,6,15
4968,9936,9,58,8,9,17
4969,9938,8,57,7,7,14
4970,9940,7,56,6,7,12
4971,9942,6,57,6,6,13
4972,9944,6,56,7,6,11
4973,9946,5,55,7,6,10
4974,9948,4,55,6,6,9
4975,9950,4,54,5,8,8
4976,9952,4,56,5,8,19
4977,9954,6,57,18,11,31
4978,9956,5,56,15,9,26
4979,9958,5,58,14,12,23
4980,9960,5,57,11,11,19
4981,9962,5,57,10,11,17
4982,9964,4,64,9,10,22
4983,9966,4,62,8,9,19
4984,9968,4,61,7,8,17
4985,9970,3,59,6,7,16
4986,9972,7,59,9,9,17
4987,9974,6,60,7,9,20
4988,9976,5,59,7,9,17
4989,9978,5,62,7,7,15
4990,9980,5,60,6,7,14
4991,9982,4,59,6,5,11
4992,9984,5,58,9,5,11
4993,9986,4,58,9,4,10
4994,9988,4,57,9,3,9
4995,9990,5,58,11,6,10
4996,9992,4,57,9,7,9
4997,9994,4,57,8,6,8
4998,9996,4,56,7,6,7
4999,9998,3,56,7,6,6
5000,10000,3,55,7,6,8
5001,10002,3,58,6,5,9
5002,10004,3,57,6,4,21
5003,10006,3,65,6,4,19
5004,10008,4,64,10,7,20
5005,10010,3,62,9,6,17
5006,10012,3,61,8,7,14
5007,10014,3,60,8,6,15
5008,10016,4,59,7,6,14
5009,10018,3,58,7,5,11
5010,10020,3,56,8,4,10
5011,10022,3,56,7,4,10
5012,10024,3,56,7,6,8
5013,10026,4,57,9,9,13
5014,10028,4,56,8,7,11
5015,10030,4,56,7,7,10
5016,10032,4,55,21,6,9
5017,10034,3,55,18,6,8
5018,10036,4,55,15,6,8
5019,10038,3,55,14,5,7
5020,10040,3,56,12,5,6
5021,10042,3,55,10,6,5
5022,10044,4,56,10,8,11
5023,10046,4,55,23,8,11
5024,10048,4,55,19,18,10
5025,10050,4,60,17,15,8
5026,10052,3,59,15,12,7
5027,10054,3,59,25,12,7
5028,10056,3,58,21,11,19
5029,10058,6,57,18,10,17
5030,10060,5,56,15,10,15
5031,10062,6,57,17,12,15
5032,10064,5,56,15,10,13
5033,10066,5,56,12,9,12
5034,10068,5,56,11,7,11
5035,10070,8,56,10,7,10
5036,10072,7,56,10,6,10
5037,10074,6,56,8,5,9
5038,10076,6,55,8,5,8
5039,10078,6,55,7,5,6
5040,10080,6,57,10,7,8
5041,10082,5,56,10,8,7
5042,10084,5,56,9,7,6
5043,10086,5,54,9,7,6
5044,10088,5,56,7,7,6
5045,10090,4,56,8,7,18
5046,10092,4,55,6,7,15
5047,10094,4,55,8,7,13
5048,10096,4,55,8,6,11
5049,10098,5,56,9,10,12
5050,10100,5,56,8,8,16
5051,10102,4,56,8,7,12
5052,10104,7,55,6,7,12
5053,10106,6,58,4,7,13
5054,10108,5,57,5,7,11
5055,10110,5,57,5,6,10
5056,10112,5,57,5,6,20
5057,10114,4,57,5,5,17
5058,10116,5,58,8,9,21
5059,10118,5,58,7,8,17
5060,10120,5,58,7,7,14
5061,10122,4,57,6,6,13
5062,10124,4,57,8,6,12
5063,10126,4,56,8,5,10
5064,10128,4,56,8,6,10
5065,10130,3,56,8,5,8
5066,10132,3,56,8,6,8
5067,10134,4,57,9,8,11
5068,10136,4,57,9,8,10
5069,10138,3,56,9,6,8
5070,10140,4,56,7,6,8
5071,10142,4,58,7,5,7
5072,10144,4,65,7,5,7
5073,10146,4,63,6,5,5
5074,10148,3,61,15,5,5
5075,10150,3,60,13,5,4
5076,10152,4,61,14,8,7
5077,10154,3,59,24,8,8
5078,10156,3,60,19,8,16
5079,10158,2,59,16,7,13
5080,10160,3,59,13,5,12
5081,10162,3,58,17,5,11
5082,10164,2,57,14,4,11
5083,10166,2,56,12,4,10
5084,10168,3,55,10,4,13
5085,10170,4,57,11,7,14
5086,10172,4,57,10,13,13
5087,10174,4,58,8,12,15
5088,10176,4,58,8,10,13
5089,10178,3,58,7,8,11
5090,10180,3,57,13,7,10
5091,10182,3,56,11,7,8
5092,10184,3,56,10,6,7
5093,10186,3,56,9,7,7
5094,10188,4,57,11,10,9
5095,10190,4,57,8,9,8
5096,10192,5,57,8,8,8
5097,10194,4,57,8,11,7
5098,10196,4,56,8,10,7
5099,10198,4,55,7,9,7
5100,10200,3,55,6,9,7
5101,10202,3,55,6,9,7
5102,10204,3,54,4,10,7
5103,10206,4,56,6,11,9
5104,10208,4,63,5,10,9
5105,10210,3,62,5,9,8
5106,10212,3,61,4,8,7
5107,10214,3,60,5,8,6
5108,10216,3,60,5,8,6
5109,10218,3,59,5,8,7
5110,10220,3,58,5,6,7
5111,10222,3,58,5,5,6
5112,10224,4,59,7,9,9
5113,10226,4,58,7,8,8
5114,10228,4,58,6,8,6
5115,10230,4,65,5,7,7
5116,10232,4,62,6,7,6
5117,10234,4,62,6,7,6
5118,10236,4,60,5,7,6
5119,10238,3,58,5,15,6
5120,10240,7,58,5,12,5
5121,10242,7,59,7,14,7
5122,10244,6,58,6,12,6
5123,10246,5,58,6,13,5
5124,10248,5,57,6,11,5
5125,10250,4,56,6,11,5
5126,10252,4,56,10,9,5
5127,10254,4,58,13,8,13
5128,10256,4,58,11,7,13
5129,10258,4,57,9,19,11
5130,10260,5,59,12,20,12
5131,10262,5,58,22,18,10
5132,10264,4,57,20,14,11
5133,10266,4,55,17,12,9
5134,10268,4,56,15,11,8
5135,10270,3,56,14,10,7
5136,10272,3,56,15,9,7
5137,10274,3,56,13,9,6
5138,10276,3,55,11,7,7
5139,10278,4,57,13,9,11
5140,10280,4,58,12,8,10
5141,10282,4,58,12,8,8
5142,10284,3,57,9,21,8
5143,10286,3,56,9,17,7
5144,10288,3,56,8,15,6
5145,10290,6,56,7,14,5
5146,10292,6,56,6,12,5
5147,10294,5,56,7,10,5
5148,10296,6,58,9,12,9
5149,10298,5,57,9,10,7
5150,10300,5,57,9,9,6
5151,10302,5,56,9,10,7
5152,10304,4,56,9,9,6
5153,10306,4,56,8,9,6
5154,10308,4,56,8,8,5
5155,10310,6,56,7,8,6
5156,10312,5,57,7,7,6
5157,10314,6,58,8,9,9
5158,10316,5,57,16,8,8
5159,10318,5,57,13,7,7
5160,10320,4,57,12,7,7
5161,10322,4,56,11,7,6
5162,10324,3,56,10,6,6
5163,10326,4,56,10,11,5
5164,10328,3,56,9,9,7
5165,10330,8,56,8,8,7
5166,10332,8,58,10,11,9
5167,10334,7,57,9,10,8
5168,10336,6,57,11,10,7
5169,10338,5,57,11,9,8
5170,10340,5,60,10,7,11
5171,10342,5,59,9,7,10
5172,10344,4,58,8,6,8
5173,10346,4,59,7,7,8
5174,10348,3,59,7,10,19
5175,10350,4,60,9,12,20
5176,10352,4,59,9,12,16
5177,10354,3,58,8,9,21
5178,10356,3,58,7,8,18
5179,10358,3,57,6,9,16
5180,10360,3,56,5,7,14
5181,10362,3,55,4,7,13
5182,10364,3,55,5,6,12
5183,10366,3,55,4,7,9
5184,10368,4,57,7,10,11
5185,10370,4,56,8,10,13
5186,10372,4,57,8,10,12
5187,10374,3,56,7,9,10
5188,10376,3,56,9,8,10
5189,10378,3,56,8,7,9
5190,10380,3,56,9,7,8
5191,10382,3,55,8,7,7
5192,10384,3,55,7,7,8
5193,10386,4,57,9,9,10
5194,10388,4,57,9,8,8
5195,10390,4,56,8,7,20
5196,10392,4,56,8,7,17
5197,10394,3,56,8,7,14
5198,10396,4,56,7,6,17
5199,10398,3,56,7,6,20
5200,10400,3,56,6,5,18
5201,10402,3,56,6,6,15
5202,10404,4,58,9,10,16
5203,10406,4,59,8,8,14
5204,10408,4,58,7,7,12
5205,10410,3,57,6,6,10
5206,10412,4,59,6,6,9
5207,10414,3,63,6,7,8
5208,10416,3,69,6,5,7
5209,10418,3,67,6,5,7
5210,10420,2,64,5,4,7
5211,10422,4,64,18,7,10
5212,10424,4,62,29,7,10
5213,10426,4,61,25,7,9
5214,10428,4,60,21,5,8
5215,10430,7,59,18,6,7
5216,10432,6,58,15,6,19
5217,10434,6,57,14,6,16
5218,10436,5,57,13,6,13
5219,10438,5,57,11,6,12
5220,10440,5,58,13,17,13
5221,10442,5,58,14,15,13
5222,10444,7,58,12,13,11
5223,10446,6,58,11,12,10
5224,10448,6,58,9,11,9
5225,10450,5,57,8,9,8
5226,10452,5,57,7,7,6
5227,10454,6,57,7,7,7
5228,10456,6,58,17,6,6
5229,10458,7,60,18,10,8
5230,10460,6,59,14,10,8
5231,10462,5,59,13,9,7
5232,10464,5,59,11,8,7
5233,10466,4,58,8,8,6
5234,10468,5,58,8,7,6
5235,10470,8,57,7,6,6
5236,10472,7,57,6,5,7
5237,10474,6,57,5,6,6
5238,10476,6,58,7,8,10
5239,10478,5,57,7,11,10
5240,10480,8,57,6,10,10
5241,10482,7,57,6,22,14
5242,10484,7,57,5,19,12
5243,10486,6,57,16,16,11
5244,10488,5,57,14,14,17
5245,10490,4,57,13,12,14
5246,10492,6,57,10,10,11
5247,10494,8,58,12,12,14
5248,10496,7,58,11,10,12
5249,10498,6,58,19,10,10
5250,10500,5,57,16,9,10
5251,10502,5,57,13,8,7
5252,10504,4,57,12,9,6
5253,10506,3,57,9,9,6
5254,10508,5,57,15,6,6
5255,10510,5,57,13,6,5
5256,10512,5,58,14,8,9
5257,10514,5,58,13,8,12
5258,10516,4,57,11,8,11
5259,10518,4,57,10,8,10
5260,10520,4,57,8,15,9
5261,10522,4,57,8,12,9
5262,10524,5,56,8,11,7
5263,10526,4,56,7,8,6
5264,10528,4,56,7,7,6
5265,10530,9,62,8,9,9
5266,10532,10,61,8,17,8
5267,10534,9,61,8,15,7
5268,10536,8,60,6,14,10
5269,10538,10,60,16,13,9
5270,10540,9,59,13,11,8
5271,10542,8,58,11,9,7
5272,10544,7,58,10,14,6
5273,10546,6,58,8,12,7
5274,10548,6,60,11,13,10
5275,10550,6,61,10,11,9
5276,10552,5,60,10,10,8
5277,10554,5,60,19,9,7
5278,10556,4,60,18,9,6
5279,10558,4,59,15,8,5
5280,10560,4,58,13,7,6
5281,10562,3,57,12,19,5
5282,10564,3,57,13,16,5
5283,10566,4,58,14,17,8
5284,10568,4,58,13,14,8
5285,10570,4,57,11,13,6
5286,10572,4,57,10,10,6
5287,10574,4,58,11,9,7
5288,10576,3,57,9,9,6
5289,10578,3,57,15,9,6
5290,10580,3,57,13,8,6
5291,10582,3,57,17,8,4
5292,10584,4,59,17,9,8
5293,10586,8,59,15,10,7
5294,10588,8,58,13,8,6
5295,10590,7,59,12,7,5
5296,10592,6,58,10,7,4
5297,10594,5,57,9,6,4
5298,10596,5,57,12,5,4
5299,10598,5,57,10,5,3
5300,10600,4,58,10,5,4
5301,10602,5,59,12,7,7
5302,10604,4,58,13,7,7
5303,10606,4,62,10,7,7
5304,10608,4,62,9,7,7
5305,10610,4,61,8,6,7
5306,10612,7,60,8,6,8
5307,10614,7,60,7,6,7
5308,10616,6,59,6,6,6
5309,10618,5,59,6,6,8
5310,10620,6,61,8,13,10
5311,10622,5,60,8,12,9
5312,10624,4,59,14,11,7
5313,10626,4,58,13,9,19
5314,10628,4,59,11,7,16
5315,10630,4,58,10,8,14
5316,10632,3,61,9,7,12
5317,10634,3,60,8,8,11
5318,10636,5,59,7,6,9
5319,10638,6,60,9,7,11
5320,10640,5,60,9,8,18
5321,10642,5,59,8,7,15
5322,10644,4,59,8,6,13
5323,10646,4,58,7,6,12
5324,10648,3,58,8,6,11
5325,10650,8,58,7,6,9
5326,10652,7,58,7,18,13
5327,10654,6,58,7,16,11
5328,10656,7,59,10,16,11
5329,10658,6,59,9,15,17
5330,10660,6,66,8,13,14
5331,10662,5,64,8,13,13
5332,10664,5,62,8,12,11
5333,10666,4,61,7,17,9
5334,10668,4,60,7,14,9
5335,10670,4,60,10,20,8
5336,10672,4,59,9,17,8
5337,10674,4,60,11,18,11
5338,10676,4,59,9,16,10
5339,10678,4,63,8,13,8
5340,10680,4,62,8,21,8
5341,10682,5,61,8,18,7
5342,10684,5,60,6,15,7
5343,10686,4,60,6,13,7
5344,10688,4,59,5,13,6
5345,10690,6,61,5,10,7
5346,10692,7,62,8,12,9
5347,10694,7,62,10,10,8
5348,10696,6,61,9,9,7
5349,10698,5,60,8,8,7
5350,10700,5,63,8,8,6
5351,10702,5,62,15,20,5
5352,10704,5,62,13,17,5
5353,10706,4,60,12,14,5
5354,10708,4,60,9,13,4
5355,10710,5,61,10,13,8
5356,10712,5,60,10,12,8
5357,10714,5,59,10,10,8
5358,10716,4,59,10,9,7
5359,10718,4,67,8,8,7
5360,10720,4,65,8,8,6
5361,10722,7,64,9,8,14
5362,10724,6,63,8,7,12
5363,10726,6,63,8,7,11
5364,10728,6,63,9,9,12
5365,10730,6,63,7,9,10
5366,10732,5,62,7,8,10
5367,10734,4,61,6,7,10
5368,10736,4,60,13,6,7
5369,10738,4,59,11,7,6
5370,10740,4,59,9,6,4
5371,10742,8,59,8,5,5
5372,10744,7,58,7,4,5
5373,10746,8,60,8,6,8
5374,10748,12,59,7,6,8
5375,10750,10,58,6,5,7
5376,10752,9,58,6,5,7
5377,10754,7,59,5,6,5
5378,10756,6,59,5,13,4
5379,10758,6,58,4,11,4
5380,10760,5,58,4,9,5
5381,10762,5,57,5,14,5
5382,10764,5,59,7,14,7
5383,10766,5,60,6,11,7
5384,10768,4,60,5,9,7
5385,10770,4,59,6,9,7
5386,10772,3,59,6,9,7
5387,10774,3,59,18,9,6
5388,10776,3,59,16,8,7
5389,10778,6,59,14,8,7
5390,10780,6,62,12,7,6
5391,10782,8,63,13,11,9
5392,10784,7,62,11,10,9
5393,10786,6,60,10,9,7
5394,10788,5,59,10,9,7
5395,10790,5,58,9,8,6
5396,10792,4,58,15,7,11
5397,10794,4,59,14,6,10
5398,10796,4,58,12,5,8
5399,10798,4,58,11,4,7
